1250,117,1000,02/03/2014,CURSANDO
1209,105,1063,02/03/2014,CURSANDO
1254,109,1050,02/03/2014,REPROVADO
1174,140,1010,02/03/2014,MATRICULADO
1074,162,1027,02/03/2014,APROVADO
1258,148,1007,02/03/2014,REPROVADO_FREQUENCIA
1273,117,1023,02/03/2014,APROVADO
1238,161,1011,02/03/2014,REPROVADO_FREQUENCIA
1246,152,1009,02/03/2014,APROVADO
1203,113,1013,02/03/2014,APROVADO
1205,118,1013,02/03/2014,REPROVADO
1317,155,1019,02/03/2014,MATRICULADO
1003,145,1010,02/03/2014,MATRICULADO
1170,150,1007,02/03/2014,REPROVADO
1234,133,1063,02/03/2014,CURSANDO
1094,117,1023,02/03/2014,REPROVADO
1090,158,1027,02/03/2014,REPROVADO
1025,111,1017,02/03/2014,MATRICULADO
1309,125,1037,02/03/2014,REPROVADO_FREQUENCIA
1015,103,1015,02/03/2014,CURSANDO
1241,145,1032,02/03/2014,APROVADO
1240,123,1029,02/03/2014,REPROVADO
1206,158,1005,02/03/2014,REPROVADO
1063,152,1015,02/03/2014,APROVADO
1178,137,1045,02/03/2014,REPROVADO_FREQUENCIA
1274,142,1047,02/03/2014,MATRICULADO
1095,155,1015,02/03/2014,MATRICULADO
1051,147,1054,02/03/2014,REPROVADO
1266,157,1052,02/03/2014,REPROVADO
1258,158,1022,02/03/2014,CURSANDO
1068,137,1021,02/03/2014,REPROVADO_FREQUENCIA
1144,136,1056,02/03/2014,REPROVADO_FREQUENCIA
1228,139,1063,02/03/2014,CURSANDO
1179,120,1042,02/03/2014,MATRICULADO
1137,129,1045,02/03/2014,CURSANDO
1201,128,1052,02/03/2014,REPROVADO
1062,142,1022,02/03/2014,APROVADO
1181,150,1059,02/03/2014,MATRICULADO
1082,126,1060,02/03/2014,REPROVADO
1035,102,1030,02/03/2014,MATRICULADO
1018,137,1063,02/03/2014,CURSANDO
1042,164,1061,02/03/2014,CURSANDO
1283,109,1055,02/03/2014,APROVADO
1100,156,1029,02/03/2014,APROVADO
1129,130,1028,02/03/2014,MATRICULADO
1314,105,1045,02/03/2014,CURSANDO
1074,143,1021,02/03/2014,MATRICULADO
1005,139,1029,02/03/2014,CURSANDO
1221,137,1013,02/03/2014,CURSANDO
1078,158,1034,02/03/2014,MATRICULADO
1032,159,1047,02/03/2014,CURSANDO
1212,103,1034,02/03/2014,REPROVADO
1103,113,1025,02/03/2014,MATRICULADO
1149,160,1006,02/03/2014,APROVADO
1140,124,1055,02/03/2014,APROVADO
1177,128,1044,02/03/2014,REPROVADO_FREQUENCIA
1126,107,1064,02/03/2014,APROVADO
1090,129,1002,02/03/2014,MATRICULADO
1072,141,1013,02/03/2014,APROVADO
1242,147,1053,02/03/2014,CURSANDO
1042,114,1057,02/03/2014,MATRICULADO
1277,153,1007,02/03/2014,MATRICULADO
1282,151,1008,02/03/2014,MATRICULADO
1171,100,1025,02/03/2014,APROVADO
1089,116,1023,02/03/2014,CURSANDO
1066,131,1007,02/03/2014,REPROVADO
1226,161,1020,02/03/2014,MATRICULADO
1083,105,1054,02/03/2014,APROVADO
1278,131,1043,02/03/2014,APROVADO
1328,103,1063,02/03/2014,APROVADO
1200,159,1013,02/03/2014,REPROVADO_FREQUENCIA
1070,138,1002,02/03/2014,REPROVADO
1080,101,1002,02/03/2014,APROVADO
1020,143,1031,02/03/2014,MATRICULADO
1295,110,1027,02/03/2014,REPROVADO_FREQUENCIA
1031,108,1064,02/03/2014,CURSANDO
1318,101,1004,02/03/2014,MATRICULADO
1092,145,1022,02/03/2014,MATRICULADO
1225,114,1029,02/03/2014,REPROVADO_FREQUENCIA
1146,160,1000,02/03/2014,MATRICULADO
1292,117,1030,02/03/2014,MATRICULADO
1069,154,1035,02/03/2014,MATRICULADO
1079,122,1006,02/03/2014,CURSANDO
1288,107,1015,02/03/2014,REPROVADO
1168,155,1047,02/03/2014,CURSANDO
1093,152,1001,02/03/2014,CURSANDO
1131,106,1010,02/03/2014,REPROVADO
1281,105,1025,02/03/2014,REPROVADO
1132,135,1049,02/03/2014,REPROVADO
1182,104,1034,02/03/2014,REPROVADO
1132,113,1055,02/03/2014,MATRICULADO
1251,100,1061,02/03/2014,MATRICULADO
1284,149,1009,02/03/2014,REPROVADO
1301,121,1036,02/03/2014,CURSANDO
1242,144,1061,02/03/2014,REPROVADO
1194,131,1015,02/03/2014,APROVADO
1070,142,1052,02/03/2014,CURSANDO
1183,152,1040,02/03/2014,CURSANDO
1082,116,1022,02/03/2014,REPROVADO
1293,112,1012,02/03/2014,CURSANDO
1093,156,1021,02/03/2014,REPROVADO_FREQUENCIA
1174,114,1011,02/03/2014,CURSANDO
1055,124,1062,02/03/2014,APROVADO
1206,105,1014,02/03/2014,REPROVADO
1308,164,1003,02/03/2014,REPROVADO_FREQUENCIA
1321,159,1008,02/03/2014,CURSANDO
1126,153,1053,02/03/2014,CURSANDO
1210,141,1035,02/03/2014,APROVADO
1004,116,1026,02/03/2014,CURSANDO
1320,103,1036,02/03/2014,CURSANDO
1170,151,1053,02/03/2014,CURSANDO
1332,143,1047,02/03/2014,CURSANDO
1040,149,1051,02/03/2014,MATRICULADO
1269,126,1000,02/03/2014,REPROVADO
1001,111,1051,02/03/2014,REPROVADO_FREQUENCIA
1146,128,1009,02/03/2014,CURSANDO
1141,146,1023,02/03/2014,APROVADO
1333,158,1008,02/03/2014,APROVADO
1287,119,1016,02/03/2014,MATRICULADO
1118,130,1005,02/03/2014,APROVADO
1141,151,1062,02/03/2014,REPROVADO_FREQUENCIA
1261,140,1022,02/03/2014,REPROVADO
1217,155,1057,02/03/2014,REPROVADO_FREQUENCIA
1330,136,1007,02/03/2014,CURSANDO
1228,110,1033,02/03/2014,REPROVADO_FREQUENCIA
1149,161,1008,02/03/2014,CURSANDO
1091,102,1033,02/03/2014,CURSANDO
1112,146,1038,02/03/2014,CURSANDO
1012,127,1021,02/03/2014,APROVADO
1017,138,1001,02/03/2014,MATRICULADO
1004,142,1010,02/03/2014,REPROVADO
1153,151,1034,02/03/2014,MATRICULADO
1114,100,1029,02/03/2014,APROVADO
1163,106,1010,02/03/2014,REPROVADO
1249,144,1043,02/03/2014,MATRICULADO
1200,137,1025,02/03/2014,APROVADO
1333,161,1032,02/03/2014,APROVADO
1028,101,1029,02/03/2014,CURSANDO
1117,104,1034,02/03/2014,MATRICULADO
1296,147,1032,02/03/2014,MATRICULADO
1303,101,1023,02/03/2014,REPROVADO_FREQUENCIA
1129,128,1021,02/03/2014,REPROVADO_FREQUENCIA
1081,121,1028,02/03/2014,REPROVADO
1332,104,1026,02/03/2014,APROVADO
1028,159,1057,02/03/2014,REPROVADO_FREQUENCIA
1069,132,1044,02/03/2014,APROVADO
1018,126,1019,02/03/2014,REPROVADO
1105,162,1058,02/03/2014,APROVADO
1269,124,1002,02/03/2014,MATRICULADO
1142,144,1026,02/03/2014,REPROVADO_FREQUENCIA
1179,128,1062,02/03/2014,CURSANDO
1310,118,1056,02/03/2014,REPROVADO
1008,117,1054,02/03/2014,MATRICULADO
1142,127,1016,02/03/2014,REPROVADO_FREQUENCIA
1241,117,1026,02/03/2014,REPROVADO_FREQUENCIA
1280,124,1024,02/03/2014,REPROVADO
1017,103,1020,02/03/2014,REPROVADO
1083,128,1061,02/03/2014,REPROVADO
1006,156,1014,02/03/2014,REPROVADO_FREQUENCIA
1023,145,1000,02/03/2014,REPROVADO
1313,110,1048,02/03/2014,REPROVADO_FREQUENCIA
1224,101,1035,02/03/2014,CURSANDO
1145,155,1025,02/03/2014,APROVADO
1153,162,1047,02/03/2014,MATRICULADO
1298,127,1057,02/03/2014,REPROVADO
1126,130,1052,02/03/2014,APROVADO
1029,151,1028,02/03/2014,MATRICULADO
1325,142,1029,02/03/2014,MATRICULADO
1175,150,1062,02/03/2014,REPROVADO_FREQUENCIA
1125,162,1002,02/03/2014,MATRICULADO
1101,120,1006,02/03/2014,CURSANDO
1232,111,1036,02/03/2014,REPROVADO
1214,114,1064,02/03/2014,APROVADO
1215,152,1041,02/03/2014,REPROVADO
1206,154,1050,02/03/2014,REPROVADO
1201,102,1035,02/03/2014,APROVADO
1187,137,1002,02/03/2014,REPROVADO_FREQUENCIA
1330,116,1053,02/03/2014,REPROVADO
1225,120,1014,02/03/2014,MATRICULADO
1157,105,1044,02/03/2014,CURSANDO
1209,158,1009,02/03/2014,CURSANDO
1293,162,1025,02/03/2014,APROVADO
1039,102,1020,02/03/2014,REPROVADO_FREQUENCIA
1094,106,1041,02/03/2014,APROVADO
1110,149,1048,02/03/2014,APROVADO
1250,147,1008,02/03/2014,REPROVADO
1125,127,1024,02/03/2014,MATRICULADO
1205,109,1023,02/03/2014,APROVADO
1332,162,1044,02/03/2014,REPROVADO_FREQUENCIA
1047,140,1024,02/03/2014,CURSANDO
1009,111,1030,02/03/2014,CURSANDO
1232,129,1007,02/03/2014,CURSANDO
1132,119,1010,02/03/2014,APROVADO
1045,159,1009,02/03/2014,REPROVADO
1048,141,1027,02/03/2014,REPROVADO
1202,142,1026,02/03/2014,APROVADO
1171,160,1055,02/03/2014,APROVADO
1171,155,1064,02/03/2014,REPROVADO
1250,145,1011,02/03/2014,APROVADO
1068,106,1026,02/03/2014,REPROVADO_FREQUENCIA
1103,134,1051,02/03/2014,APROVADO
1246,101,1051,02/03/2014,REPROVADO
1181,101,1055,02/03/2014,APROVADO
1191,152,1032,02/03/2014,REPROVADO
1075,125,1004,02/03/2014,CURSANDO
1088,139,1054,02/03/2014,REPROVADO_FREQUENCIA
1140,114,1006,02/03/2014,APROVADO
1284,163,1060,02/03/2014,APROVADO
1020,109,1042,02/03/2014,REPROVADO
1033,154,1047,02/03/2014,MATRICULADO
1040,118,1042,02/03/2014,CURSANDO
1055,138,1050,02/03/2014,MATRICULADO
1002,121,1005,02/03/2014,CURSANDO
1305,144,1051,02/03/2014,REPROVADO_FREQUENCIA
1046,128,1008,02/03/2014,APROVADO
1070,112,1040,02/03/2014,MATRICULADO
1134,115,1030,02/03/2014,APROVADO
1020,139,1041,02/03/2014,MATRICULADO
1007,118,1018,02/03/2014,CURSANDO
1332,104,1058,02/03/2014,REPROVADO
1332,160,1026,02/03/2014,CURSANDO
1008,115,1037,02/03/2014,REPROVADO
1001,143,1016,02/03/2014,REPROVADO
1246,158,1060,02/03/2014,REPROVADO
1191,149,1046,02/03/2014,REPROVADO
1228,135,1011,02/03/2014,CURSANDO
1273,161,1062,02/03/2014,CURSANDO
1220,136,1038,02/03/2014,MATRICULADO
1264,131,1024,02/03/2014,MATRICULADO
1131,124,1060,02/03/2014,REPROVADO_FREQUENCIA
1051,104,1029,02/03/2014,REPROVADO_FREQUENCIA
1116,153,1060,02/03/2014,APROVADO
1257,130,1046,02/03/2014,CURSANDO
1078,148,1043,02/03/2014,APROVADO
1034,149,1015,02/03/2014,MATRICULADO
1204,123,1028,02/03/2014,APROVADO
1116,137,1040,02/03/2014,APROVADO
1325,131,1031,02/03/2014,REPROVADO
1220,105,1006,02/03/2014,REPROVADO_FREQUENCIA
1038,133,1001,02/03/2014,CURSANDO
1069,136,1060,02/03/2014,APROVADO
1030,127,1029,02/03/2014,REPROVADO
1176,142,1053,02/03/2014,MATRICULADO
1123,119,1001,02/03/2014,REPROVADO
1009,153,1062,02/03/2014,APROVADO
1037,156,1005,02/03/2014,MATRICULADO
1118,138,1037,02/03/2014,REPROVADO
1299,118,1005,02/03/2014,MATRICULADO
1131,131,1002,02/03/2014,MATRICULADO
1087,143,1043,02/03/2014,APROVADO
1196,153,1031,02/03/2014,CURSANDO
1006,141,1042,02/03/2014,APROVADO
1036,133,1015,02/03/2014,REPROVADO
1121,146,1005,02/03/2014,REPROVADO
1128,149,1056,02/03/2014,REPROVADO
1180,139,1042,02/03/2014,REPROVADO
1043,164,1064,02/03/2014,REPROVADO
1176,134,1059,02/03/2014,REPROVADO
1188,131,1041,02/03/2014,MATRICULADO
1031,158,1012,02/03/2014,REPROVADO_FREQUENCIA
1253,152,1003,02/03/2014,REPROVADO
1116,138,1063,02/03/2014,MATRICULADO
1261,111,1056,02/03/2014,REPROVADO_FREQUENCIA
1264,134,1060,02/03/2014,REPROVADO_FREQUENCIA
1028,135,1021,02/03/2014,CURSANDO
1207,136,1015,02/03/2014,MATRICULADO
1198,146,1037,02/03/2014,REPROVADO
1106,124,1038,02/03/2014,CURSANDO
1218,116,1032,02/03/2014,CURSANDO
1295,119,1049,02/03/2014,MATRICULADO
1119,132,1034,02/03/2014,REPROVADO_FREQUENCIA
1201,122,1055,02/03/2014,MATRICULADO
1025,111,1019,02/03/2014,APROVADO
1047,148,1013,02/03/2014,CURSANDO
1254,133,1043,02/03/2014,REPROVADO_FREQUENCIA
1276,104,1035,02/03/2014,REPROVADO
1121,119,1007,02/03/2014,REPROVADO_FREQUENCIA
1086,115,1063,02/03/2014,REPROVADO
1120,164,1040,02/03/2014,APROVADO
1027,120,1046,02/03/2014,MATRICULADO
1278,110,1064,02/03/2014,CURSANDO
1178,162,1006,02/03/2014,REPROVADO
1042,139,1006,02/03/2014,APROVADO
1286,135,1034,02/03/2014,CURSANDO
1201,129,1034,02/03/2014,APROVADO
1219,159,1022,02/03/2014,APROVADO
1321,117,1023,02/03/2014,CURSANDO
1261,144,1004,02/03/2014,REPROVADO_FREQUENCIA
1295,136,1041,02/03/2014,REPROVADO
1116,137,1011,02/03/2014,MATRICULADO
1174,139,1037,02/03/2014,REPROVADO
1134,119,1035,02/03/2014,REPROVADO
1329,129,1022,02/03/2014,MATRICULADO
1187,110,1059,02/03/2014,MATRICULADO
1169,137,1047,02/03/2014,REPROVADO_FREQUENCIA
1333,147,1005,02/03/2014,REPROVADO
1268,132,1042,02/03/2014,APROVADO
1021,150,1012,02/03/2014,MATRICULADO
1261,150,1033,02/03/2014,REPROVADO
1260,153,1053,02/03/2014,CURSANDO
1239,162,1003,02/03/2014,MATRICULADO
1275,150,1005,02/03/2014,REPROVADO_FREQUENCIA
1160,160,1040,02/03/2014,CURSANDO
1114,109,1012,02/03/2014,REPROVADO
1270,122,1063,02/03/2014,REPROVADO
1181,110,1000,02/03/2014,REPROVADO
1003,127,1023,02/03/2014,REPROVADO
1172,125,1008,02/03/2014,REPROVADO
1057,117,1044,02/03/2014,CURSANDO
1295,111,1009,02/03/2014,MATRICULADO
1314,127,1049,02/03/2014,CURSANDO
1191,128,1021,02/03/2014,REPROVADO
1116,133,1016,02/03/2014,APROVADO
1192,148,1007,02/03/2014,APROVADO
1228,150,1018,02/03/2014,REPROVADO_FREQUENCIA
1014,125,1030,02/03/2014,REPROVADO_FREQUENCIA
1174,136,1054,02/03/2014,REPROVADO
1231,105,1021,02/03/2014,MATRICULADO
1093,111,1007,02/03/2014,REPROVADO
1164,131,1016,02/03/2014,CURSANDO
1308,105,1062,02/03/2014,REPROVADO
1029,119,1052,02/03/2014,CURSANDO
1159,109,1057,02/03/2014,APROVADO
1176,128,1008,02/03/2014,MATRICULADO
1228,126,1025,02/03/2014,CURSANDO
1192,159,1046,02/03/2014,MATRICULADO
1060,110,1035,02/03/2014,CURSANDO
1256,121,1031,02/03/2014,MATRICULADO
1144,132,1050,02/03/2014,REPROVADO
1297,122,1062,02/03/2014,REPROVADO_FREQUENCIA
1012,119,1042,02/03/2014,CURSANDO
1233,108,1008,02/03/2014,APROVADO
1187,114,1026,02/03/2014,APROVADO
1243,121,1038,02/03/2014,REPROVADO_FREQUENCIA
1098,163,1052,02/03/2014,REPROVADO_FREQUENCIA
1149,116,1030,02/03/2014,REPROVADO_FREQUENCIA
1175,125,1045,02/03/2014,CURSANDO
1222,119,1008,02/03/2014,REPROVADO
1307,130,1055,02/03/2014,MATRICULADO
1288,124,1060,02/03/2014,APROVADO
1150,141,1006,02/03/2014,APROVADO
1071,136,1033,02/03/2014,MATRICULADO
1151,139,1027,02/03/2014,CURSANDO
1089,143,1026,02/03/2014,CURSANDO
1236,107,1027,02/03/2014,APROVADO
1298,119,1059,02/03/2014,REPROVADO
1228,145,1057,02/03/2014,CURSANDO
1071,134,1046,02/03/2014,REPROVADO_FREQUENCIA
1122,137,1029,02/03/2014,REPROVADO
1180,139,1003,02/03/2014,REPROVADO
1065,138,1025,02/03/2014,CURSANDO
1077,133,1000,02/03/2014,REPROVADO_FREQUENCIA
1151,111,1026,02/03/2014,REPROVADO
1041,103,1019,02/03/2014,MATRICULADO
1247,115,1023,02/03/2014,APROVADO
1052,101,1060,02/03/2014,MATRICULADO
1107,160,1024,02/03/2014,REPROVADO_FREQUENCIA
1174,125,1006,02/03/2014,REPROVADO_FREQUENCIA
1191,145,1040,02/03/2014,CURSANDO
1074,143,1002,02/03/2014,APROVADO
1194,100,1018,02/03/2014,REPROVADO_FREQUENCIA
1111,137,1010,02/03/2014,REPROVADO_FREQUENCIA
1118,147,1001,02/03/2014,REPROVADO
1042,155,1016,02/03/2014,MATRICULADO
1283,123,1027,02/03/2014,REPROVADO
1328,162,1050,02/03/2014,MATRICULADO
1233,108,1004,02/03/2014,REPROVADO_FREQUENCIA
1113,134,1002,02/03/2014,APROVADO
1287,129,1005,02/03/2014,REPROVADO_FREQUENCIA
1068,159,1056,02/03/2014,REPROVADO_FREQUENCIA
1247,147,1040,02/03/2014,REPROVADO
1100,135,1064,02/03/2014,APROVADO
1041,138,1048,02/03/2014,MATRICULADO
1073,126,1006,02/03/2014,APROVADO
1067,124,1043,02/03/2014,REPROVADO_FREQUENCIA
1126,147,1034,02/03/2014,REPROVADO
1313,151,1032,02/03/2014,REPROVADO
1171,146,1016,02/03/2014,REPROVADO_FREQUENCIA
1171,163,1002,02/03/2014,REPROVADO_FREQUENCIA
1189,161,1040,02/03/2014,CURSANDO
1301,155,1063,02/03/2014,REPROVADO_FREQUENCIA
1268,146,1010,02/03/2014,REPROVADO_FREQUENCIA
1108,130,1061,02/03/2014,REPROVADO
1135,114,1030,02/03/2014,MATRICULADO
1305,155,1012,02/03/2014,APROVADO
1097,146,1018,02/03/2014,REPROVADO_FREQUENCIA
1165,102,1054,02/03/2014,REPROVADO_FREQUENCIA
1063,136,1005,02/03/2014,CURSANDO
1006,132,1015,02/03/2014,REPROVADO
1123,150,1063,02/03/2014,REPROVADO_FREQUENCIA
1053,153,1043,02/03/2014,REPROVADO
1008,108,1017,02/03/2014,REPROVADO
1103,143,1063,02/03/2014,MATRICULADO
1252,103,1016,02/03/2014,REPROVADO
1100,143,1048,02/03/2014,CURSANDO
1232,136,1018,02/03/2014,MATRICULADO
1061,116,1054,02/03/2014,REPROVADO_FREQUENCIA
1280,163,1002,02/03/2014,APROVADO
1296,146,1051,02/03/2014,REPROVADO
1001,110,1063,02/03/2014,CURSANDO
1223,109,1021,02/03/2014,CURSANDO
1322,149,1064,02/03/2014,MATRICULADO
1049,124,1058,02/03/2014,APROVADO
1147,137,1048,02/03/2014,CURSANDO
1067,122,1030,02/03/2014,REPROVADO
1018,151,1026,02/03/2014,REPROVADO_FREQUENCIA
1261,111,1043,02/03/2014,REPROVADO_FREQUENCIA
1056,164,1010,02/03/2014,MATRICULADO
1246,126,1031,02/03/2014,REPROVADO
1238,155,1002,02/03/2014,APROVADO
1313,106,1051,02/03/2014,CURSANDO
1055,101,1005,02/03/2014,APROVADO
1195,115,1059,02/03/2014,CURSANDO
1187,135,1025,02/03/2014,REPROVADO
1281,124,1035,02/03/2014,REPROVADO_FREQUENCIA
1318,150,1047,02/03/2014,REPROVADO
1212,153,1055,02/03/2014,CURSANDO
1051,138,1013,02/03/2014,CURSANDO
1062,140,1062,02/03/2014,MATRICULADO
1078,108,1034,02/03/2014,REPROVADO
1296,136,1010,02/03/2014,REPROVADO
1130,154,1006,02/03/2014,MATRICULADO
1273,149,1013,02/03/2014,CURSANDO
1295,105,1040,02/03/2014,APROVADO
1179,164,1022,02/03/2014,APROVADO
1142,130,1013,02/03/2014,REPROVADO_FREQUENCIA
1026,130,1037,02/03/2014,APROVADO
1211,139,1005,02/03/2014,MATRICULADO
1275,113,1011,02/03/2014,MATRICULADO
1306,154,1017,02/03/2014,CURSANDO
1139,139,1004,02/03/2014,APROVADO
1074,133,1031,02/03/2014,APROVADO
1190,136,1042,02/03/2014,CURSANDO
1271,119,1013,02/03/2014,REPROVADO_FREQUENCIA
1210,127,1030,02/03/2014,REPROVADO_FREQUENCIA
1126,108,1042,02/03/2014,APROVADO
1129,160,1011,02/03/2014,REPROVADO_FREQUENCIA
1021,144,1004,02/03/2014,REPROVADO_FREQUENCIA
1237,160,1021,02/03/2014,REPROVADO_FREQUENCIA
1058,163,1062,02/03/2014,REPROVADO_FREQUENCIA
1102,138,1045,02/03/2014,REPROVADO_FREQUENCIA
1260,156,1048,02/03/2014,REPROVADO
1215,119,1028,02/03/2014,REPROVADO_FREQUENCIA
1295,117,1011,02/03/2014,REPROVADO
1039,162,1006,02/03/2014,MATRICULADO
1150,143,1024,02/03/2014,REPROVADO_FREQUENCIA
1200,125,1036,02/03/2014,MATRICULADO
1205,161,1017,02/03/2014,CURSANDO
1219,160,1049,02/03/2014,REPROVADO
1060,103,1051,02/03/2014,REPROVADO
1045,152,1040,02/03/2014,REPROVADO_FREQUENCIA
1280,109,1030,02/03/2014,CURSANDO
1309,116,1005,02/03/2014,MATRICULADO
1063,131,1039,02/03/2014,REPROVADO
1286,113,1021,02/03/2014,CURSANDO
1192,143,1015,02/03/2014,REPROVADO
1117,114,1003,02/03/2014,REPROVADO_FREQUENCIA
1074,123,1050,02/03/2014,CURSANDO
1312,115,1024,02/03/2014,REPROVADO_FREQUENCIA
1327,160,1001,02/03/2014,APROVADO
1226,149,1010,02/03/2014,CURSANDO
1253,104,1020,02/03/2014,MATRICULADO
1291,101,1024,02/03/2014,MATRICULADO
1101,159,1032,02/03/2014,APROVADO
1041,155,1001,02/03/2014,MATRICULADO
1214,138,1054,02/03/2014,REPROVADO
1113,125,1018,02/03/2014,CURSANDO
1212,146,1053,02/03/2014,REPROVADO_FREQUENCIA
1223,102,1019,02/03/2014,MATRICULADO
1178,148,1025,02/03/2014,CURSANDO
1094,103,1048,02/03/2014,MATRICULADO
1332,138,1039,02/03/2014,REPROVADO
1161,142,1039,02/03/2014,REPROVADO_FREQUENCIA
1004,120,1010,02/03/2014,MATRICULADO
1144,129,1021,02/03/2014,MATRICULADO
1144,118,1042,02/03/2014,REPROVADO
1043,115,1027,02/03/2014,REPROVADO
1019,108,1061,02/03/2014,MATRICULADO
1022,161,1030,02/03/2014,REPROVADO
1053,148,1042,02/03/2014,CURSANDO
1038,113,1050,02/03/2014,REPROVADO
1269,135,1042,02/03/2014,REPROVADO_FREQUENCIA
1043,158,1037,02/03/2014,REPROVADO
1168,126,1056,02/03/2014,CURSANDO
1201,118,1029,02/03/2014,CURSANDO
1229,147,1036,02/03/2014,CURSANDO
1157,104,1007,02/03/2014,CURSANDO
1216,135,1021,02/03/2014,REPROVADO_FREQUENCIA
1051,111,1048,02/03/2014,CURSANDO
1300,159,1022,02/03/2014,MATRICULADO
1085,131,1054,02/03/2014,APROVADO
1279,161,1028,02/03/2014,MATRICULADO
1252,126,1012,02/03/2014,APROVADO
1078,156,1042,02/03/2014,APROVADO
1239,129,1010,02/03/2014,REPROVADO_FREQUENCIA
1119,126,1024,02/03/2014,MATRICULADO
1220,122,1035,02/03/2014,APROVADO
1072,104,1026,02/03/2014,REPROVADO_FREQUENCIA
1257,120,1052,02/03/2014,REPROVADO
1141,127,1022,02/03/2014,CURSANDO
1235,160,1035,02/03/2014,APROVADO
1147,107,1057,02/03/2014,MATRICULADO
1238,161,1058,02/03/2014,APROVADO
1171,137,1007,02/03/2014,MATRICULADO
1201,125,1020,02/03/2014,REPROVADO_FREQUENCIA
1149,149,1058,02/03/2014,REPROVADO
1101,148,1022,02/03/2014,REPROVADO_FREQUENCIA
1190,128,1035,02/03/2014,CURSANDO
1165,123,1022,02/03/2014,CURSANDO
1162,104,1052,02/03/2014,APROVADO
1115,131,1032,02/03/2014,MATRICULADO
1293,135,1004,02/03/2014,CURSANDO
1210,137,1047,02/03/2014,CURSANDO
1207,116,1051,02/03/2014,REPROVADO_FREQUENCIA
1279,133,1062,02/03/2014,REPROVADO
1051,138,1014,02/03/2014,MATRICULADO
1245,152,1035,02/03/2014,MATRICULADO
1283,135,1038,02/03/2014,CURSANDO
1017,125,1018,02/03/2014,APROVADO
1226,153,1062,02/03/2014,APROVADO
1268,102,1022,02/03/2014,MATRICULADO
1277,155,1022,02/03/2014,REPROVADO_FREQUENCIA
1220,105,1056,02/03/2014,REPROVADO_FREQUENCIA
1037,116,1012,02/03/2014,MATRICULADO
1259,136,1006,02/03/2014,REPROVADO_FREQUENCIA
1113,105,1057,02/03/2014,REPROVADO_FREQUENCIA
1216,123,1018,02/03/2014,CURSANDO
1170,146,1010,02/03/2014,APROVADO
1047,100,1010,02/03/2014,MATRICULADO
1098,126,1010,02/03/2014,REPROVADO
1176,128,1047,02/03/2014,MATRICULADO
1300,153,1006,02/03/2014,MATRICULADO
1156,104,1019,02/03/2014,REPROVADO
1311,115,1054,02/03/2014,REPROVADO_FREQUENCIA
1080,107,1009,02/03/2014,MATRICULADO
1291,132,1039,02/03/2014,MATRICULADO
1033,153,1003,02/03/2014,MATRICULADO
1113,152,1052,02/03/2014,APROVADO
1272,135,1022,02/03/2014,CURSANDO
1204,150,1050,02/03/2014,APROVADO
1238,119,1025,02/03/2014,REPROVADO
1110,148,1006,02/03/2014,REPROVADO_FREQUENCIA
1212,132,1011,02/03/2014,REPROVADO_FREQUENCIA
1126,136,1046,02/03/2014,CURSANDO
1292,142,1063,02/03/2014,REPROVADO
1302,160,1019,02/03/2014,MATRICULADO
1212,133,1060,02/03/2014,REPROVADO
1304,117,1058,02/03/2014,MATRICULADO
1295,107,1012,02/03/2014,REPROVADO
1054,135,1021,02/03/2014,REPROVADO
1107,163,1046,02/03/2014,REPROVADO
1247,147,1024,02/03/2014,APROVADO
1064,108,1046,02/03/2014,REPROVADO
1329,111,1053,02/03/2014,CURSANDO
1226,160,1016,02/03/2014,APROVADO
1177,133,1017,02/03/2014,APROVADO
1250,112,1038,02/03/2014,CURSANDO
1311,164,1024,02/03/2014,MATRICULADO
1323,103,1047,02/03/2014,CURSANDO
1135,157,1031,02/03/2014,REPROVADO
1271,134,1009,02/03/2014,MATRICULADO
1234,117,1038,02/03/2014,APROVADO
1091,102,1034,02/03/2014,REPROVADO
1119,147,1011,02/03/2014,MATRICULADO
1019,103,1010,02/03/2014,REPROVADO
1099,140,1057,02/03/2014,CURSANDO
1156,151,1049,02/03/2014,CURSANDO
1327,137,1043,02/03/2014,REPROVADO
1300,101,1048,02/03/2014,CURSANDO
1144,139,1052,02/03/2014,MATRICULADO
1154,120,1058,02/03/2014,APROVADO
1219,154,1034,02/03/2014,MATRICULADO
1095,136,1052,02/03/2014,MATRICULADO
1044,106,1064,02/03/2014,APROVADO
1168,102,1051,02/03/2014,MATRICULADO
1237,158,1043,02/03/2014,REPROVADO_FREQUENCIA
1245,141,1005,02/03/2014,CURSANDO
1190,155,1050,02/03/2014,MATRICULADO
1077,140,1008,02/03/2014,REPROVADO_FREQUENCIA
1096,146,1056,02/03/2014,MATRICULADO
1307,137,1016,02/03/2014,APROVADO
1312,158,1005,02/03/2014,APROVADO
1148,127,1000,02/03/2014,APROVADO
1156,139,1048,02/03/2014,REPROVADO
1036,152,1020,02/03/2014,MATRICULADO
1145,101,1003,02/03/2014,MATRICULADO
1186,154,1014,02/03/2014,REPROVADO
1030,117,1023,02/03/2014,REPROVADO
1295,154,1049,02/03/2014,MATRICULADO
1238,103,1043,02/03/2014,CURSANDO
1153,132,1008,02/03/2014,REPROVADO_FREQUENCIA
1144,113,1060,02/03/2014,APROVADO
1188,100,1039,02/03/2014,REPROVADO_FREQUENCIA
1266,108,1003,02/03/2014,APROVADO
1104,120,1059,02/03/2014,APROVADO
1017,163,1036,02/03/2014,MATRICULADO
1029,126,1043,02/03/2014,APROVADO
1000,149,1042,02/03/2014,MATRICULADO
1011,148,1033,02/03/2014,CURSANDO
1005,122,1009,02/03/2014,REPROVADO
1265,103,1043,02/03/2014,MATRICULADO
1145,161,1011,02/03/2014,CURSANDO
1097,115,1055,02/03/2014,REPROVADO_FREQUENCIA
1120,121,1003,02/03/2014,APROVADO
1275,104,1004,02/03/2014,APROVADO
1059,152,1012,02/03/2014,REPROVADO
1032,153,1006,02/03/2014,MATRICULADO
1162,113,1012,02/03/2014,MATRICULADO
1145,163,1014,02/03/2014,MATRICULADO
1320,128,1058,02/03/2014,REPROVADO_FREQUENCIA
1268,120,1017,02/03/2014,REPROVADO_FREQUENCIA
1240,140,1014,02/03/2014,CURSANDO
1320,119,1018,02/03/2014,REPROVADO
1076,104,1021,02/03/2014,MATRICULADO
1133,147,1003,02/03/2014,MATRICULADO
1064,134,1041,02/03/2014,APROVADO
1048,111,1040,02/03/2014,MATRICULADO
1031,132,1005,02/03/2014,APROVADO
1221,127,1064,02/03/2014,CURSANDO
1025,146,1024,02/03/2014,CURSANDO
1057,115,1056,02/03/2014,CURSANDO
1069,152,1018,02/03/2014,REPROVADO
1252,105,1014,02/03/2014,CURSANDO
1090,101,1040,02/03/2014,REPROVADO
1166,156,1013,02/03/2014,REPROVADO
1145,107,1016,02/03/2014,REPROVADO
1072,105,1037,02/03/2014,MATRICULADO
1203,124,1032,02/03/2014,APROVADO
1034,123,1048,02/03/2014,MATRICULADO
1139,156,1010,02/03/2014,REPROVADO_FREQUENCIA
1141,116,1019,02/03/2014,REPROVADO
1298,139,1033,02/03/2014,REPROVADO_FREQUENCIA
1171,136,1060,02/03/2014,REPROVADO_FREQUENCIA
1259,159,1022,02/03/2014,APROVADO
1256,112,1042,02/03/2014,APROVADO
1135,106,1006,02/03/2014,APROVADO
1143,159,1025,02/03/2014,REPROVADO_FREQUENCIA
1314,164,1031,02/03/2014,REPROVADO
1310,161,1050,02/03/2014,REPROVADO_FREQUENCIA
1018,144,1026,02/03/2014,REPROVADO_FREQUENCIA
1029,125,1055,02/03/2014,REPROVADO_FREQUENCIA
1268,113,1009,02/03/2014,APROVADO
1117,152,1051,02/03/2014,MATRICULADO
1184,159,1037,02/03/2014,APROVADO
1046,106,1000,02/03/2014,CURSANDO
1124,149,1019,02/03/2014,REPROVADO_FREQUENCIA
1205,119,1037,02/03/2014,APROVADO
1096,115,1037,02/03/2014,CURSANDO
1267,100,1049,02/03/2014,REPROVADO
1316,127,1018,02/03/2014,APROVADO
1200,151,1021,02/03/2014,CURSANDO
1271,133,1001,02/03/2014,APROVADO
1094,119,1038,02/03/2014,CURSANDO
1011,137,1063,02/03/2014,REPROVADO_FREQUENCIA
1148,127,1033,02/03/2014,CURSANDO
1100,125,1052,02/03/2014,REPROVADO
1118,131,1039,02/03/2014,REPROVADO_FREQUENCIA
1005,152,1062,02/03/2014,APROVADO
1226,144,1035,02/03/2014,CURSANDO
1194,117,1017,02/03/2014,CURSANDO
1126,145,1021,02/03/2014,CURSANDO
1179,146,1031,02/03/2014,APROVADO
1291,147,1041,02/03/2014,CURSANDO
1092,118,1032,02/03/2014,CURSANDO
1045,155,1004,02/03/2014,APROVADO
1019,150,1019,02/03/2014,MATRICULADO
1213,132,1014,02/03/2014,APROVADO
1241,159,1029,02/03/2014,APROVADO
1186,107,1029,02/03/2014,REPROVADO
1282,162,1025,02/03/2014,REPROVADO_FREQUENCIA
1024,138,1005,02/03/2014,CURSANDO
1241,141,1053,02/03/2014,APROVADO
1293,133,1016,02/03/2014,REPROVADO
1154,134,1009,02/03/2014,REPROVADO
1099,134,1024,02/03/2014,REPROVADO_FREQUENCIA
1010,149,1058,02/03/2014,REPROVADO
1108,112,1056,02/03/2014,MATRICULADO
1075,131,1038,02/03/2014,MATRICULADO
1179,138,1047,02/03/2014,CURSANDO
1025,156,1042,02/03/2014,REPROVADO
1193,129,1006,02/03/2014,APROVADO
1102,109,1058,02/03/2014,CURSANDO
1098,123,1004,02/03/2014,CURSANDO
1039,143,1021,02/03/2014,REPROVADO
1049,145,1057,02/03/2014,APROVADO
1293,127,1039,02/03/2014,CURSANDO
1142,119,1055,02/03/2014,REPROVADO_FREQUENCIA
1307,113,1026,02/03/2014,CURSANDO
1207,112,1002,02/03/2014,REPROVADO_FREQUENCIA
1150,164,1026,02/03/2014,CURSANDO
1301,149,1058,02/03/2014,CURSANDO
1128,143,1038,02/03/2014,APROVADO
1182,137,1052,02/03/2014,REPROVADO
1248,125,1019,02/03/2014,APROVADO
1159,144,1016,02/03/2014,CURSANDO
1188,104,1043,02/03/2014,REPROVADO_FREQUENCIA
1228,126,1040,02/03/2014,CURSANDO
1122,145,1009,02/03/2014,APROVADO
1187,143,1020,02/03/2014,REPROVADO_FREQUENCIA
1264,113,1041,02/03/2014,MATRICULADO
1199,142,1054,02/03/2014,APROVADO
1010,108,1041,02/03/2014,MATRICULADO
1065,163,1019,02/03/2014,MATRICULADO
1272,134,1063,02/03/2014,APROVADO
1056,149,1001,02/03/2014,APROVADO
1061,124,1025,02/03/2014,APROVADO
1300,113,1023,02/03/2014,MATRICULADO
1167,108,1060,02/03/2014,APROVADO
1312,104,1044,02/03/2014,MATRICULADO
1131,142,1043,02/03/2014,MATRICULADO
1022,101,1043,02/03/2014,CURSANDO
1054,159,1007,02/03/2014,REPROVADO_FREQUENCIA
1203,160,1043,02/03/2014,APROVADO
1184,127,1041,02/03/2014,MATRICULADO
1134,149,1051,02/03/2014,REPROVADO
1032,117,1023,02/03/2014,CURSANDO
1037,164,1022,02/03/2014,REPROVADO_FREQUENCIA
1161,151,1029,02/03/2014,MATRICULADO
1278,119,1058,02/03/2014,MATRICULADO
1078,142,1041,02/03/2014,APROVADO
1034,162,1061,02/03/2014,REPROVADO_FREQUENCIA
1127,141,1062,02/03/2014,REPROVADO
1155,104,1021,02/03/2014,APROVADO
1278,148,1020,02/03/2014,MATRICULADO
1169,119,1046,02/03/2014,APROVADO
1098,117,1033,02/03/2014,APROVADO
1192,126,1035,02/03/2014,REPROVADO
1292,120,1001,02/03/2014,MATRICULADO
1085,101,1041,02/03/2014,CURSANDO
1229,146,1053,02/03/2014,MATRICULADO
1158,124,1007,02/03/2014,APROVADO
1193,157,1016,02/03/2014,REPROVADO
1099,162,1037,02/03/2014,MATRICULADO
1103,149,1050,02/03/2014,REPROVADO
1245,104,1026,02/03/2014,MATRICULADO
1210,140,1054,02/03/2014,MATRICULADO
1197,111,1048,02/03/2014,REPROVADO_FREQUENCIA
1281,118,1049,02/03/2014,MATRICULADO
1190,140,1034,02/03/2014,MATRICULADO
1247,144,1046,02/03/2014,CURSANDO
1015,120,1006,02/03/2014,REPROVADO
1243,115,1023,02/03/2014,APROVADO
1029,149,1007,02/03/2014,REPROVADO
1102,155,1049,02/03/2014,MATRICULADO
1265,158,1061,02/03/2014,REPROVADO
1041,115,1013,02/03/2014,CURSANDO
1301,138,1016,02/03/2014,MATRICULADO
1197,122,1036,02/03/2014,APROVADO
1261,105,1055,02/03/2014,REPROVADO_FREQUENCIA
1144,134,1061,02/03/2014,CURSANDO
1276,150,1050,02/03/2014,APROVADO
1110,120,1030,02/03/2014,REPROVADO
1120,120,1026,02/03/2014,CURSANDO
1153,133,1038,02/03/2014,CURSANDO
1217,118,1039,02/03/2014,CURSANDO
1206,162,1055,02/03/2014,REPROVADO_FREQUENCIA
1000,107,1018,02/03/2014,REPROVADO_FREQUENCIA
1022,135,1041,02/03/2014,APROVADO
1268,156,1022,02/03/2014,REPROVADO
1265,157,1028,02/03/2014,APROVADO
1045,117,1019,02/03/2014,REPROVADO
1072,125,1034,02/03/2014,APROVADO
1141,107,1058,02/03/2014,CURSANDO
1017,115,1050,02/03/2014,REPROVADO_FREQUENCIA
1116,163,1050,02/03/2014,CURSANDO
1139,158,1045,02/03/2014,CURSANDO
1006,132,1035,02/03/2014,REPROVADO
1134,158,1035,02/03/2014,REPROVADO_FREQUENCIA
1147,110,1032,02/03/2014,REPROVADO
1306,101,1002,02/03/2014,APROVADO
1168,119,1039,02/03/2014,MATRICULADO
1120,145,1013,02/03/2014,REPROVADO
1095,125,1016,02/03/2014,MATRICULADO
1267,132,1040,02/03/2014,CURSANDO
1315,136,1050,02/03/2014,CURSANDO
1012,106,1046,02/03/2014,REPROVADO
1292,142,1015,02/03/2014,REPROVADO_FREQUENCIA
1084,129,1060,02/03/2014,APROVADO
1076,113,1004,02/03/2014,MATRICULADO
1311,139,1032,02/03/2014,REPROVADO
1221,123,1009,02/03/2014,REPROVADO
1268,131,1008,02/03/2014,REPROVADO_FREQUENCIA
1087,137,1040,02/03/2014,APROVADO
1083,149,1019,02/03/2014,REPROVADO_FREQUENCIA
1172,103,1055,02/03/2014,REPROVADO
1103,108,1035,02/03/2014,APROVADO
1201,152,1006,02/03/2014,CURSANDO
1013,136,1058,02/03/2014,REPROVADO
1000,109,1058,02/03/2014,MATRICULADO
1183,127,1039,02/03/2014,APROVADO
1011,134,1021,02/03/2014,CURSANDO
1209,157,1020,02/03/2014,REPROVADO
1217,139,1028,02/03/2014,REPROVADO
1095,149,1020,02/03/2014,APROVADO
1331,105,1029,02/03/2014,REPROVADO_FREQUENCIA
1223,146,1064,02/03/2014,CURSANDO
1172,158,1009,02/03/2014,REPROVADO_FREQUENCIA
1173,161,1017,02/03/2014,REPROVADO_FREQUENCIA
1031,120,1045,02/03/2014,REPROVADO_FREQUENCIA
1115,152,1054,02/03/2014,REPROVADO_FREQUENCIA
1257,124,1024,02/03/2014,REPROVADO_FREQUENCIA
1245,133,1030,02/03/2014,CURSANDO
1197,132,1042,02/03/2014,MATRICULADO
1197,148,1054,02/03/2014,MATRICULADO
1313,129,1015,02/03/2014,MATRICULADO
1066,104,1059,02/03/2014,CURSANDO
1149,133,1010,02/03/2014,APROVADO
1187,148,1056,02/03/2014,REPROVADO
1122,112,1018,02/03/2014,MATRICULADO
1237,155,1015,02/03/2014,CURSANDO
1034,142,1008,02/03/2014,CURSANDO
1319,125,1018,02/03/2014,CURSANDO
1324,118,1020,02/03/2014,REPROVADO
1172,128,1018,02/03/2014,REPROVADO_FREQUENCIA
1178,153,1007,02/03/2014,APROVADO
1164,134,1025,02/03/2014,APROVADO
1296,111,1035,02/03/2014,REPROVADO_FREQUENCIA
1096,131,1056,02/03/2014,REPROVADO_FREQUENCIA
1236,143,1041,02/03/2014,APROVADO
1011,140,1051,02/03/2014,CURSANDO
1028,101,1050,02/03/2014,REPROVADO
1190,133,1006,02/03/2014,REPROVADO
1074,106,1038,02/03/2014,REPROVADO_FREQUENCIA
1127,139,1014,02/03/2014,CURSANDO
1012,104,1006,02/03/2014,MATRICULADO
1313,161,1039,02/03/2014,REPROVADO_FREQUENCIA
1117,100,1049,02/03/2014,REPROVADO
1123,143,1036,02/03/2014,REPROVADO_FREQUENCIA
1242,164,1040,02/03/2014,CURSANDO
1225,149,1053,02/03/2014,MATRICULADO
1197,149,1010,02/03/2014,APROVADO
1126,110,1047,02/03/2014,APROVADO
1006,133,1009,02/03/2014,CURSANDO
1168,136,1030,02/03/2014,CURSANDO
1154,159,1058,02/03/2014,REPROVADO_FREQUENCIA
1011,137,1010,02/03/2014,APROVADO
1271,108,1050,02/03/2014,MATRICULADO
1236,130,1055,02/03/2014,CURSANDO
1104,159,1058,02/03/2014,REPROVADO_FREQUENCIA
1100,123,1028,02/03/2014,REPROVADO_FREQUENCIA
1286,100,1055,02/03/2014,CURSANDO
1025,151,1020,02/03/2014,CURSANDO
1236,117,1021,02/03/2014,REPROVADO
1158,120,1019,02/03/2014,REPROVADO
1114,120,1027,02/03/2014,MATRICULADO
1333,160,1026,02/03/2014,REPROVADO_FREQUENCIA
1154,157,1002,02/03/2014,CURSANDO
1001,154,1035,02/03/2014,APROVADO
1297,131,1006,02/03/2014,CURSANDO
1245,157,1052,02/03/2014,CURSANDO
1135,112,1042,02/03/2014,REPROVADO
1115,148,1016,02/03/2014,MATRICULADO
1089,157,1032,02/03/2014,REPROVADO
1192,101,1015,02/03/2014,APROVADO
1333,124,1017,02/03/2014,REPROVADO_FREQUENCIA
1333,112,1013,02/03/2014,MATRICULADO
1033,101,1013,02/03/2014,REPROVADO_FREQUENCIA
1275,114,1060,02/03/2014,APROVADO
1311,157,1027,02/03/2014,CURSANDO
1026,117,1040,02/03/2014,CURSANDO
1246,121,1050,02/03/2014,APROVADO
1208,115,1047,02/03/2014,CURSANDO
1221,106,1006,02/03/2014,MATRICULADO
1119,152,1061,02/03/2014,APROVADO
1130,108,1049,02/03/2014,REPROVADO_FREQUENCIA
1079,148,1064,02/03/2014,REPROVADO
1136,129,1004,02/03/2014,REPROVADO_FREQUENCIA
1211,158,1010,02/03/2014,MATRICULADO
1288,126,1042,02/03/2014,CURSANDO
1190,108,1046,02/03/2014,REPROVADO
1003,101,1032,02/03/2014,REPROVADO
1200,160,1039,02/03/2014,APROVADO
1055,154,1020,02/03/2014,CURSANDO
1062,105,1035,02/03/2014,REPROVADO_FREQUENCIA
1253,142,1064,02/03/2014,REPROVADO
1001,114,1035,02/03/2014,APROVADO
1202,145,1008,02/03/2014,APROVADO
1320,164,1060,02/03/2014,MATRICULADO
1298,163,1054,02/03/2014,MATRICULADO
1227,130,1040,02/03/2014,MATRICULADO
1285,141,1006,02/03/2014,CURSANDO
1307,156,1045,02/03/2014,APROVADO
1115,154,1006,02/03/2014,MATRICULADO
1201,162,1057,02/03/2014,REPROVADO_FREQUENCIA
1298,104,1034,02/03/2014,MATRICULADO
1106,119,1012,02/03/2014,CURSANDO
1022,105,1005,02/03/2014,CURSANDO
1204,132,1043,02/03/2014,CURSANDO
1093,105,1061,02/03/2014,CURSANDO
1172,142,1017,02/03/2014,REPROVADO
1096,158,1030,02/03/2014,APROVADO
1308,113,1017,02/03/2014,CURSANDO
1236,146,1040,02/03/2014,REPROVADO_FREQUENCIA
1079,119,1000,02/03/2014,APROVADO
1257,138,1009,02/03/2014,APROVADO
1273,138,1035,02/03/2014,REPROVADO
1318,124,1058,02/03/2014,CURSANDO
1017,108,1013,02/03/2014,CURSANDO
1076,112,1008,02/03/2014,REPROVADO_FREQUENCIA
1142,111,1009,02/03/2014,REPROVADO_FREQUENCIA
1269,128,1026,02/03/2014,REPROVADO
1092,104,1004,02/03/2014,APROVADO
1293,162,1050,02/03/2014,CURSANDO
1088,125,1001,02/03/2014,APROVADO
1316,142,1011,02/03/2014,APROVADO
1215,148,1010,02/03/2014,CURSANDO
1212,133,1035,02/03/2014,REPROVADO
1095,160,1026,02/03/2014,MATRICULADO
1233,114,1003,02/03/2014,REPROVADO_FREQUENCIA
1287,164,1005,02/03/2014,REPROVADO
1273,108,1017,02/03/2014,CURSANDO
1193,129,1006,02/03/2014,REPROVADO_FREQUENCIA
1135,155,1050,02/03/2014,REPROVADO_FREQUENCIA
1035,152,1016,02/03/2014,REPROVADO
1254,112,1053,02/03/2014,CURSANDO
1246,129,1046,02/03/2014,REPROVADO_FREQUENCIA
1170,158,1050,02/03/2014,MATRICULADO
1137,150,1035,02/03/2014,CURSANDO
1184,144,1053,02/03/2014,MATRICULADO
1270,163,1041,02/03/2014,MATRICULADO
1009,157,1031,02/03/2014,APROVADO
1159,164,1046,02/03/2014,REPROVADO
1304,110,1036,02/03/2014,APROVADO
1084,137,1018,02/03/2014,REPROVADO_FREQUENCIA
1109,127,1063,02/03/2014,REPROVADO
1091,133,1054,02/03/2014,REPROVADO
1276,162,1064,02/03/2014,CURSANDO
1078,103,1040,02/03/2014,MATRICULADO
1170,161,1037,02/03/2014,MATRICULADO
1127,111,1001,02/03/2014,APROVADO
1035,103,1048,02/03/2014,APROVADO
1253,133,1003,02/03/2014,CURSANDO
1077,119,1052,02/03/2014,REPROVADO_FREQUENCIA
1155,154,1020,02/03/2014,APROVADO
1245,128,1030,02/03/2014,APROVADO
1249,157,1023,02/03/2014,REPROVADO
1015,111,1038,02/03/2014,MATRICULADO
1188,157,1053,02/03/2014,REPROVADO
1166,121,1064,02/03/2014,REPROVADO
1258,102,1008,02/03/2014,MATRICULADO
1186,105,1037,02/03/2014,CURSANDO
1234,135,1040,02/03/2014,REPROVADO
1329,161,1053,02/03/2014,REPROVADO_FREQUENCIA
1318,105,1040,02/03/2014,APROVADO
1046,147,1019,02/03/2014,REPROVADO_FREQUENCIA
1243,156,1012,02/03/2014,REPROVADO_FREQUENCIA
1017,134,1009,02/03/2014,REPROVADO_FREQUENCIA
1267,126,1049,02/03/2014,REPROVADO_FREQUENCIA
1240,138,1018,02/03/2014,CURSANDO
1166,145,1003,02/03/2014,CURSANDO
1043,107,1004,02/03/2014,MATRICULADO
1096,124,1036,02/03/2014,REPROVADO_FREQUENCIA
1147,156,1029,02/03/2014,REPROVADO_FREQUENCIA
1099,123,1006,02/03/2014,REPROVADO_FREQUENCIA
1138,134,1058,02/03/2014,APROVADO
1290,148,1034,02/03/2014,MATRICULADO
1066,106,1064,02/03/2014,APROVADO
1129,108,1008,02/03/2014,APROVADO
1032,137,1062,02/03/2014,CURSANDO
1079,120,1034,02/03/2014,CURSANDO
1073,150,1040,02/03/2014,APROVADO
1164,134,1045,02/03/2014,REPROVADO
1232,143,1049,02/03/2014,REPROVADO
1279,126,1008,02/03/2014,MATRICULADO
1246,150,1027,02/03/2014,REPROVADO
1167,108,1011,02/03/2014,MATRICULADO
1250,142,1051,02/03/2014,REPROVADO_FREQUENCIA
1228,103,1057,02/03/2014,APROVADO
1307,164,1003,02/03/2014,MATRICULADO
1024,132,1005,02/03/2014,REPROVADO_FREQUENCIA
1139,117,1033,02/03/2014,MATRICULADO
1286,152,1024,02/03/2014,MATRICULADO
1223,147,1011,02/03/2014,CURSANDO
1234,111,1020,02/03/2014,APROVADO
1268,127,1027,02/03/2014,APROVADO
1315,133,1040,02/03/2014,APROVADO
1289,163,1039,02/03/2014,MATRICULADO
1222,156,1058,02/03/2014,REPROVADO_FREQUENCIA
1230,152,1032,02/03/2014,CURSANDO
1291,152,1039,02/03/2014,MATRICULADO
1191,106,1039,02/03/2014,APROVADO
1110,105,1010,02/03/2014,MATRICULADO
1124,144,1038,02/03/2014,REPROVADO_FREQUENCIA
1244,145,1048,02/03/2014,REPROVADO
1047,109,1033,02/03/2014,CURSANDO
1061,117,1027,02/03/2014,CURSANDO
1026,125,1037,02/03/2014,APROVADO
1083,100,1035,02/03/2014,REPROVADO
1316,125,1063,02/03/2014,REPROVADO_FREQUENCIA
1108,143,1008,02/03/2014,MATRICULADO
1084,104,1023,02/03/2014,REPROVADO_FREQUENCIA
1043,155,1053,02/03/2014,REPROVADO
1070,157,1021,02/03/2014,APROVADO
1312,147,1022,02/03/2014,REPROVADO
1267,116,1004,02/03/2014,APROVADO
1299,138,1029,02/03/2014,MATRICULADO
1251,117,1014,02/03/2014,REPROVADO_FREQUENCIA
1059,158,1026,02/03/2014,CURSANDO
1193,160,1064,02/03/2014,REPROVADO_FREQUENCIA
1202,115,1007,02/03/2014,REPROVADO_FREQUENCIA
1058,115,1052,02/03/2014,REPROVADO_FREQUENCIA
1017,116,1001,02/03/2014,CURSANDO
1239,164,1001,02/03/2014,CURSANDO
1288,155,1051,02/03/2014,REPROVADO
1163,139,1011,02/03/2014,REPROVADO_FREQUENCIA
1037,111,1033,02/03/2014,REPROVADO
1219,147,1056,02/03/2014,MATRICULADO
1045,148,1049,02/03/2014,CURSANDO
1125,127,1048,02/03/2014,APROVADO
1324,159,1055,02/03/2014,APROVADO
1188,122,1059,02/03/2014,REPROVADO
1294,117,1002,02/03/2014,REPROVADO_FREQUENCIA
1126,146,1030,02/03/2014,CURSANDO
1138,123,1034,02/03/2014,CURSANDO
1299,154,1001,02/03/2014,REPROVADO_FREQUENCIA
1061,151,1062,02/03/2014,CURSANDO
1112,119,1060,02/03/2014,CURSANDO
1158,118,1032,02/03/2014,APROVADO
1107,141,1015,02/03/2014,MATRICULADO
1027,134,1015,02/03/2014,CURSANDO
1104,161,1043,02/03/2014,CURSANDO
1245,159,1061,02/03/2014,REPROVADO
1017,108,1026,02/03/2014,REPROVADO
1285,121,1036,02/03/2014,REPROVADO
1152,116,1004,02/03/2014,REPROVADO_FREQUENCIA
1030,112,1030,02/03/2014,REPROVADO_FREQUENCIA
1224,116,1049,02/03/2014,APROVADO
1094,150,1037,02/03/2014,REPROVADO_FREQUENCIA
1068,137,1007,02/03/2014,CURSANDO
1315,154,1012,02/03/2014,REPROVADO
1319,154,1061,02/03/2014,APROVADO
1238,114,1011,02/03/2014,MATRICULADO
1249,120,1037,02/03/2014,CURSANDO
1024,117,1057,02/03/2014,APROVADO
1125,126,1048,02/03/2014,APROVADO
1190,102,1033,02/03/2014,REPROVADO_FREQUENCIA
1182,100,1016,02/03/2014,APROVADO
1299,130,1044,02/03/2014,CURSANDO
1182,106,1034,02/03/2014,APROVADO
1242,122,1045,02/03/2014,CURSANDO
1225,140,1043,02/03/2014,CURSANDO
1046,123,1019,02/03/2014,CURSANDO
1024,152,1038,02/03/2014,REPROVADO
1007,158,1028,02/03/2014,MATRICULADO
1046,110,1024,02/03/2014,APROVADO
1203,119,1034,02/03/2014,REPROVADO
1155,102,1023,02/03/2014,REPROVADO_FREQUENCIA
1117,125,1060,02/03/2014,CURSANDO
1251,105,1014,02/03/2014,APROVADO
1203,152,1031,02/03/2014,REPROVADO_FREQUENCIA
1061,113,1036,02/03/2014,REPROVADO
1323,106,1016,02/03/2014,REPROVADO_FREQUENCIA
1275,114,1063,02/03/2014,REPROVADO
1281,143,1006,02/03/2014,CURSANDO
1222,127,1029,02/03/2014,REPROVADO
1010,129,1062,02/03/2014,REPROVADO_FREQUENCIA
1049,136,1040,02/03/2014,REPROVADO_FREQUENCIA
1118,163,1040,02/03/2014,CURSANDO
1058,121,1002,02/03/2014,CURSANDO
1111,136,1058,02/03/2014,REPROVADO_FREQUENCIA
1208,146,1037,02/03/2014,APROVADO
1230,128,1055,02/03/2014,REPROVADO
1021,141,1047,02/03/2014,CURSANDO
1035,154,1037,02/03/2014,CURSANDO
1070,158,1059,02/03/2014,APROVADO
1251,101,1030,02/03/2014,CURSANDO
1112,136,1052,02/03/2014,REPROVADO_FREQUENCIA
1056,120,1060,02/03/2014,APROVADO
1099,157,1059,02/03/2014,CURSANDO
1079,124,1000,02/03/2014,APROVADO
1323,132,1047,02/03/2014,APROVADO
1277,116,1025,02/03/2014,REPROVADO
1063,151,1036,02/03/2014,CURSANDO
1271,137,1048,02/03/2014,CURSANDO
1187,149,1034,02/03/2014,REPROVADO
1276,100,1029,02/03/2014,MATRICULADO
1120,110,1004,02/03/2014,REPROVADO_FREQUENCIA
1004,148,1064,02/03/2014,REPROVADO_FREQUENCIA
1202,130,1033,02/03/2014,REPROVADO
1021,153,1001,02/03/2014,CURSANDO
1237,129,1030,02/03/2014,MATRICULADO
1121,105,1034,02/03/2014,CURSANDO
1107,109,1060,02/03/2014,REPROVADO_FREQUENCIA
1058,100,1042,02/03/2014,REPROVADO_FREQUENCIA
1204,105,1031,02/03/2014,APROVADO
1168,130,1007,02/03/2014,CURSANDO
1103,119,1049,02/03/2014,APROVADO
1041,140,1063,02/03/2014,REPROVADO
1171,164,1002,02/03/2014,CURSANDO
1227,127,1060,02/03/2014,REPROVADO_FREQUENCIA
1294,108,1039,02/03/2014,REPROVADO
1327,110,1032,02/03/2014,CURSANDO
1333,143,1000,02/03/2014,CURSANDO
1239,141,1016,02/03/2014,MATRICULADO
1136,125,1063,02/03/2014,REPROVADO
1078,102,1042,02/03/2014,CURSANDO
1242,138,1001,02/03/2014,REPROVADO
1123,107,1049,02/03/2014,MATRICULADO
1149,126,1039,02/03/2014,CURSANDO
1255,129,1063,02/03/2014,MATRICULADO
1255,140,1012,02/03/2014,MATRICULADO
1189,131,1002,02/03/2014,REPROVADO
1005,145,1032,02/03/2014,REPROVADO_FREQUENCIA
1144,141,1057,02/03/2014,MATRICULADO
1115,138,1037,02/03/2014,APROVADO
1266,145,1033,02/03/2014,CURSANDO
1123,151,1002,02/03/2014,REPROVADO
1116,160,1041,02/03/2014,CURSANDO
1243,124,1009,02/03/2014,REPROVADO_FREQUENCIA
1094,133,1039,02/03/2014,CURSANDO
1317,162,1001,02/03/2014,CURSANDO
1275,151,1045,02/03/2014,REPROVADO
1005,113,1015,02/03/2014,CURSANDO
1127,151,1013,02/03/2014,CURSANDO
1264,115,1057,02/03/2014,REPROVADO
1215,146,1032,02/03/2014,REPROVADO_FREQUENCIA
1012,159,1000,02/03/2014,REPROVADO
1128,137,1004,02/03/2014,APROVADO
1116,144,1063,02/03/2014,MATRICULADO
1172,161,1057,02/03/2014,APROVADO
1087,107,1062,02/03/2014,APROVADO
1012,112,1039,02/03/2014,CURSANDO
1059,100,1015,02/03/2014,REPROVADO_FREQUENCIA
1305,121,1030,02/03/2014,MATRICULADO
1212,113,1036,02/03/2014,REPROVADO
1151,151,1036,02/03/2014,APROVADO
1317,142,1055,02/03/2014,APROVADO
1072,137,1011,02/03/2014,REPROVADO
1029,155,1006,02/03/2014,REPROVADO_FREQUENCIA
1242,106,1038,02/03/2014,APROVADO
1256,140,1049,02/03/2014,REPROVADO
1036,159,1058,02/03/2014,REPROVADO_FREQUENCIA
1047,161,1003,02/03/2014,MATRICULADO
1089,122,1002,02/03/2014,REPROVADO
1171,148,1002,02/03/2014,REPROVADO_FREQUENCIA
1134,143,1046,02/03/2014,REPROVADO_FREQUENCIA
1230,161,1019,02/03/2014,REPROVADO_FREQUENCIA
1018,138,1023,02/03/2014,REPROVADO
1167,104,1016,02/03/2014,CURSANDO
1137,162,1053,02/03/2014,MATRICULADO
1052,118,1043,02/03/2014,REPROVADO_FREQUENCIA
1200,107,1034,02/03/2014,CURSANDO
1222,143,1022,02/03/2014,REPROVADO_FREQUENCIA
1236,116,1009,02/03/2014,REPROVADO_FREQUENCIA
1264,154,1055,02/03/2014,CURSANDO
1296,162,1006,02/03/2014,REPROVADO_FREQUENCIA
1315,100,1045,02/03/2014,MATRICULADO
1076,158,1022,02/03/2014,CURSANDO
1276,110,1007,02/03/2014,REPROVADO_FREQUENCIA
1254,140,1008,02/03/2014,MATRICULADO
1234,157,1045,02/03/2014,REPROVADO
1150,159,1042,02/03/2014,REPROVADO_FREQUENCIA
1045,141,1022,02/03/2014,REPROVADO_FREQUENCIA
1146,102,1039,02/03/2014,REPROVADO
1067,160,1022,02/03/2014,MATRICULADO
1033,104,1036,02/03/2014,CURSANDO
1185,153,1039,02/03/2014,CURSANDO
1170,123,1040,02/03/2014,MATRICULADO
1313,114,1014,02/03/2014,APROVADO
1176,150,1054,02/03/2014,MATRICULADO
1292,143,1061,02/03/2014,MATRICULADO
1255,110,1004,02/03/2014,APROVADO
1071,123,1014,02/03/2014,MATRICULADO
1132,142,1043,02/03/2014,CURSANDO
1049,137,1008,02/03/2014,REPROVADO
1052,124,1048,02/03/2014,APROVADO
1028,105,1011,02/03/2014,APROVADO
1078,128,1038,02/03/2014,CURSANDO
1008,151,1025,02/03/2014,APROVADO
1304,133,1003,02/03/2014,CURSANDO
1309,117,1052,02/03/2014,APROVADO
1213,101,1053,02/03/2014,APROVADO
1073,150,1036,02/03/2014,CURSANDO
1049,143,1064,02/03/2014,REPROVADO_FREQUENCIA
1092,104,1042,02/03/2014,MATRICULADO
1234,113,1053,02/03/2014,CURSANDO
1217,121,1001,02/03/2014,REPROVADO_FREQUENCIA
1139,152,1033,02/03/2014,MATRICULADO
1178,122,1005,02/03/2014,CURSANDO
1222,164,1053,02/03/2014,REPROVADO
1063,123,1053,02/03/2014,MATRICULADO
1320,136,1012,02/03/2014,APROVADO
1137,120,1003,02/03/2014,CURSANDO
1175,119,1052,02/03/2014,REPROVADO
1105,114,1055,02/03/2014,REPROVADO_FREQUENCIA
1039,129,1003,02/03/2014,CURSANDO
1280,115,1042,02/03/2014,MATRICULADO
1013,129,1050,02/03/2014,APROVADO
1275,129,1006,02/03/2014,REPROVADO
1113,149,1042,02/03/2014,APROVADO
1267,103,1026,02/03/2014,REPROVADO
1331,130,1063,02/03/2014,REPROVADO
1091,135,1044,02/03/2014,REPROVADO_FREQUENCIA
1309,112,1011,02/03/2014,REPROVADO
1313,114,1011,02/03/2014,REPROVADO
1304,159,1050,02/03/2014,MATRICULADO
1230,111,1012,02/03/2014,CURSANDO
1260,146,1052,02/03/2014,REPROVADO
1286,106,1015,02/03/2014,MATRICULADO
1173,137,1061,02/03/2014,REPROVADO_FREQUENCIA
1163,162,1004,02/03/2014,REPROVADO
1125,164,1052,02/03/2014,REPROVADO_FREQUENCIA
1096,127,1022,02/03/2014,CURSANDO
1217,136,1060,02/03/2014,MATRICULADO
1326,110,1025,02/03/2014,APROVADO
1040,141,1051,02/03/2014,REPROVADO
1253,139,1021,02/03/2014,CURSANDO
1042,131,1059,02/03/2014,APROVADO
1083,104,1034,02/03/2014,CURSANDO
1111,130,1054,02/03/2014,MATRICULADO
1208,125,1038,02/03/2014,CURSANDO
1107,114,1011,02/03/2014,REPROVADO
1221,151,1002,02/03/2014,APROVADO
1304,118,1024,02/03/2014,REPROVADO_FREQUENCIA
1095,126,1017,02/03/2014,APROVADO
1066,159,1049,02/03/2014,CURSANDO
1172,125,1043,02/03/2014,REPROVADO
1118,143,1063,02/03/2014,CURSANDO
1319,135,1035,02/03/2014,REPROVADO_FREQUENCIA
1246,130,1057,02/03/2014,APROVADO
1073,111,1033,02/03/2014,REPROVADO_FREQUENCIA
1102,109,1044,02/03/2014,CURSANDO
1006,105,1044,02/03/2014,MATRICULADO
1106,148,1060,02/03/2014,REPROVADO
1261,109,1005,02/03/2014,REPROVADO_FREQUENCIA
1025,124,1026,02/03/2014,REPROVADO
1301,161,1030,02/03/2014,MATRICULADO
1289,100,1026,02/03/2014,REPROVADO
1052,113,1043,02/03/2014,CURSANDO
1203,161,1027,02/03/2014,APROVADO
1077,113,1017,02/03/2014,MATRICULADO
1318,115,1021,02/03/2014,CURSANDO
1154,103,1042,02/03/2014,CURSANDO
1008,140,1064,02/03/2014,CURSANDO
1145,139,1063,02/03/2014,CURSANDO
1113,122,1038,02/03/2014,MATRICULADO
1032,161,1052,02/03/2014,CURSANDO
1240,138,1059,02/03/2014,REPROVADO
1242,135,1031,02/03/2014,APROVADO
1303,137,1010,02/03/2014,MATRICULADO
1073,136,1042,02/03/2014,MATRICULADO
1105,158,1014,02/03/2014,REPROVADO
1133,124,1010,02/03/2014,MATRICULADO
1324,117,1062,02/03/2014,REPROVADO_FREQUENCIA
1326,124,1012,02/03/2014,REPROVADO
1273,148,1039,02/03/2014,REPROVADO_FREQUENCIA
1255,127,1014,02/03/2014,REPROVADO
1180,125,1031,02/03/2014,REPROVADO
1201,108,1048,02/03/2014,CURSANDO
1219,125,1044,02/03/2014,REPROVADO_FREQUENCIA
1235,128,1055,02/03/2014,REPROVADO_FREQUENCIA
1236,154,1002,02/03/2014,MATRICULADO
1098,117,1006,02/03/2014,REPROVADO
1130,119,1018,02/03/2014,REPROVADO_FREQUENCIA
1153,158,1059,02/03/2014,MATRICULADO
1176,148,1049,02/03/2014,MATRICULADO
1250,116,1018,02/03/2014,REPROVADO
1085,105,1013,02/03/2014,REPROVADO
1184,112,1006,02/03/2014,CURSANDO
1030,116,1030,02/03/2014,REPROVADO
1202,132,1019,02/03/2014,APROVADO
1264,155,1059,02/03/2014,APROVADO
1110,128,1052,02/03/2014,REPROVADO_FREQUENCIA
1112,154,1012,02/03/2014,MATRICULADO
1306,105,1020,02/03/2014,CURSANDO
1201,161,1036,02/03/2014,MATRICULADO
1111,155,1001,02/03/2014,REPROVADO
1277,115,1050,02/03/2014,APROVADO
1250,136,1004,02/03/2014,CURSANDO
1214,112,1006,02/03/2014,REPROVADO
1245,154,1037,02/03/2014,REPROVADO
1022,133,1006,02/03/2014,APROVADO
1240,116,1049,02/03/2014,MATRICULADO
1198,139,1008,02/03/2014,CURSANDO
1184,128,1054,02/03/2014,CURSANDO
1330,113,1021,02/03/2014,MATRICULADO
1327,132,1044,02/03/2014,CURSANDO
1068,129,1010,02/03/2014,MATRICULADO
1010,109,1060,02/03/2014,REPROVADO_FREQUENCIA
1320,110,1000,02/03/2014,APROVADO
1169,164,1047,02/03/2014,CURSANDO
1089,139,1032,02/03/2014,CURSANDO
1045,121,1018,02/03/2014,MATRICULADO
1233,153,1017,02/03/2014,REPROVADO
1172,156,1035,02/03/2014,REPROVADO
1227,124,1062,02/03/2014,REPROVADO_FREQUENCIA
1095,151,1001,02/03/2014,REPROVADO_FREQUENCIA
1084,131,1050,02/03/2014,MATRICULADO
1171,126,1023,02/03/2014,MATRICULADO
1316,145,1042,02/03/2014,MATRICULADO
1209,129,1063,02/03/2014,CURSANDO
1168,141,1048,02/03/2014,APROVADO
1117,122,1042,02/03/2014,REPROVADO_FREQUENCIA
1220,129,1010,02/03/2014,APROVADO
1103,123,1026,02/03/2014,APROVADO
1021,157,1023,02/03/2014,REPROVADO
1010,125,1024,02/03/2014,MATRICULADO
1066,107,1053,02/03/2014,REPROVADO
1228,163,1032,02/03/2014,REPROVADO
1168,105,1042,02/03/2014,APROVADO
1065,115,1046,02/03/2014,REPROVADO
1185,154,1017,02/03/2014,REPROVADO_FREQUENCIA
1063,161,1060,02/03/2014,APROVADO
1237,134,1056,02/03/2014,CURSANDO
1123,120,1063,02/03/2014,REPROVADO_FREQUENCIA
1067,137,1053,02/03/2014,REPROVADO
1303,122,1016,02/03/2014,REPROVADO
1294,111,1064,02/03/2014,APROVADO
1142,145,1040,02/03/2014,MATRICULADO
1050,130,1015,02/03/2014,CURSANDO
1207,155,1023,02/03/2014,REPROVADO_FREQUENCIA
1307,100,1003,02/03/2014,REPROVADO
1252,140,1007,02/03/2014,REPROVADO
1059,126,1014,02/03/2014,APROVADO
1038,119,1000,02/03/2014,REPROVADO
1240,164,1005,02/03/2014,REPROVADO_FREQUENCIA
1216,149,1037,02/03/2014,REPROVADO
1040,151,1053,02/03/2014,MATRICULADO
1097,119,1042,02/03/2014,REPROVADO_FREQUENCIA
1067,143,1001,02/03/2014,MATRICULADO
1170,162,1050,02/03/2014,REPROVADO
1096,128,1060,02/03/2014,REPROVADO_FREQUENCIA
1279,152,1021,02/03/2014,APROVADO
1310,146,1046,02/03/2014,APROVADO
1272,106,1045,02/03/2014,CURSANDO
1154,137,1022,02/03/2014,MATRICULADO
1000,157,1008,02/03/2014,REPROVADO_FREQUENCIA
1276,150,1037,02/03/2014,MATRICULADO
1019,132,1004,02/03/2014,REPROVADO_FREQUENCIA
1164,153,1048,02/03/2014,APROVADO
1007,115,1041,02/03/2014,REPROVADO_FREQUENCIA
1244,125,1015,02/03/2014,REPROVADO
1213,155,1002,02/03/2014,REPROVADO_FREQUENCIA
1036,136,1020,02/03/2014,APROVADO
1146,133,1021,02/03/2014,MATRICULADO
1259,101,1042,02/03/2014,CURSANDO
1187,139,1032,02/03/2014,APROVADO
1229,159,1001,02/03/2014,REPROVADO
1271,130,1006,02/03/2014,MATRICULADO
1252,121,1022,02/03/2014,MATRICULADO
1207,142,1013,02/03/2014,MATRICULADO
1248,109,1038,02/03/2014,MATRICULADO
1192,104,1041,02/03/2014,MATRICULADO
1252,107,1035,02/03/2014,CURSANDO
1219,148,1011,02/03/2014,REPROVADO
1280,152,1044,02/03/2014,CURSANDO
1297,157,1013,02/03/2014,REPROVADO_FREQUENCIA
1250,108,1000,02/03/2014,MATRICULADO
1286,118,1029,02/03/2014,CURSANDO
1165,158,1007,02/03/2014,APROVADO
1178,111,1038,02/03/2014,CURSANDO
1140,137,1062,02/03/2014,APROVADO
1234,140,1000,02/03/2014,REPROVADO
1272,105,1060,02/03/2014,APROVADO
1049,149,1020,02/03/2014,REPROVADO_FREQUENCIA
1175,129,1003,02/03/2014,MATRICULADO
1147,112,1021,02/03/2014,APROVADO
1278,152,1025,02/03/2014,REPROVADO
1098,103,1011,02/03/2014,REPROVADO
1309,139,1002,02/03/2014,MATRICULADO
1234,150,1001,02/03/2014,REPROVADO
1255,107,1043,02/03/2014,REPROVADO
1116,125,1031,02/03/2014,APROVADO
1112,124,1051,02/03/2014,APROVADO
1224,140,1045,02/03/2014,APROVADO
1310,153,1032,02/03/2014,APROVADO
1051,124,1036,02/03/2014,REPROVADO_FREQUENCIA
1176,119,1015,02/03/2014,REPROVADO
1197,120,1031,02/03/2014,REPROVADO
1135,152,1033,02/03/2014,MATRICULADO
1234,124,1055,02/03/2014,REPROVADO_FREQUENCIA
1275,138,1023,02/03/2014,APROVADO
1281,160,1030,02/03/2014,REPROVADO
1131,103,1061,02/03/2014,REPROVADO_FREQUENCIA
1008,120,1055,02/03/2014,APROVADO
1031,150,1008,02/03/2014,APROVADO
1216,162,1020,02/03/2014,APROVADO
1140,137,1025,02/03/2014,MATRICULADO
1243,158,1046,02/03/2014,REPROVADO_FREQUENCIA
1076,161,1013,02/03/2014,REPROVADO
1273,107,1043,02/03/2014,CURSANDO
1151,159,1047,02/03/2014,REPROVADO
1315,111,1031,02/03/2014,MATRICULADO
1078,148,1059,02/03/2014,REPROVADO_FREQUENCIA
1115,133,1009,02/03/2014,CURSANDO
1164,156,1055,02/03/2014,APROVADO
1248,102,1033,02/03/2014,REPROVADO_FREQUENCIA
1012,154,1006,02/03/2014,REPROVADO
1251,145,1002,02/03/2014,REPROVADO_FREQUENCIA
1033,117,1031,02/03/2014,MATRICULADO
1316,152,1025,02/03/2014,REPROVADO_FREQUENCIA
1069,101,1003,02/03/2014,MATRICULADO
1075,128,1051,02/03/2014,MATRICULADO
1127,113,1055,02/03/2014,MATRICULADO
1156,119,1033,02/03/2014,REPROVADO_FREQUENCIA
1048,132,1028,02/03/2014,CURSANDO
1179,106,1017,02/03/2014,REPROVADO_FREQUENCIA
1116,118,1004,02/03/2014,REPROVADO_FREQUENCIA
1054,112,1062,02/03/2014,APROVADO
1005,121,1045,02/03/2014,MATRICULADO
1098,151,1023,02/03/2014,APROVADO
1238,118,1032,02/03/2014,APROVADO
1083,158,1012,02/03/2014,MATRICULADO
1207,127,1064,02/03/2014,REPROVADO_FREQUENCIA
1117,144,1044,02/03/2014,MATRICULADO
1161,136,1046,02/03/2014,MATRICULADO
1013,160,1038,02/03/2014,REPROVADO_FREQUENCIA
1121,108,1055,02/03/2014,APROVADO
1226,130,1043,02/03/2014,CURSANDO
1102,164,1064,02/03/2014,CURSANDO
1175,113,1030,02/03/2014,REPROVADO_FREQUENCIA
1191,157,1061,02/03/2014,CURSANDO
1283,164,1015,02/03/2014,APROVADO
1068,148,1057,02/03/2014,MATRICULADO
1147,159,1022,02/03/2014,CURSANDO
1024,156,1045,02/03/2014,REPROVADO
1060,153,1026,02/03/2014,APROVADO
1137,121,1041,02/03/2014,APROVADO
1277,124,1041,02/03/2014,REPROVADO
1024,102,1035,02/03/2014,CURSANDO
1258,126,1018,02/03/2014,REPROVADO_FREQUENCIA
1231,128,1056,02/03/2014,APROVADO
1261,161,1064,02/03/2014,APROVADO
1027,101,1036,02/03/2014,REPROVADO_FREQUENCIA
1280,113,1034,02/03/2014,REPROVADO_FREQUENCIA
1019,109,1000,02/03/2014,MATRICULADO
1057,153,1004,02/03/2014,REPROVADO
1309,130,1052,02/03/2014,REPROVADO
1107,148,1052,02/03/2014,REPROVADO_FREQUENCIA
1133,149,1050,02/03/2014,REPROVADO
1050,127,1001,02/03/2014,REPROVADO
1210,146,1051,02/03/2014,REPROVADO
1059,131,1034,02/03/2014,REPROVADO
1087,101,1023,02/03/2014,CURSANDO
1159,145,1044,02/03/2014,APROVADO
1101,144,1049,02/03/2014,REPROVADO
1210,142,1000,02/03/2014,REPROVADO_FREQUENCIA
1064,158,1026,02/03/2014,APROVADO
1100,100,1028,02/03/2014,CURSANDO
1190,113,1044,02/03/2014,APROVADO
1006,164,1047,02/03/2014,REPROVADO
1190,146,1061,02/03/2014,CURSANDO
1239,141,1012,02/03/2014,APROVADO
1222,107,1020,02/03/2014,REPROVADO_FREQUENCIA
1083,144,1037,02/03/2014,CURSANDO
1261,145,1037,02/03/2014,MATRICULADO
1195,139,1000,02/03/2014,REPROVADO_FREQUENCIA
1297,134,1016,02/03/2014,REPROVADO_FREQUENCIA
1259,136,1045,02/03/2014,REPROVADO
1017,164,1046,02/03/2014,CURSANDO
1091,129,1064,02/03/2014,APROVADO
1265,157,1063,02/03/2014,CURSANDO
1203,126,1018,02/03/2014,MATRICULADO
1231,163,1006,02/03/2014,REPROVADO
1326,149,1053,02/03/2014,MATRICULADO
1078,145,1040,02/03/2014,CURSANDO
1166,113,1026,02/03/2014,REPROVADO
1016,155,1060,02/03/2014,APROVADO
1003,139,1003,02/03/2014,APROVADO
1296,162,1029,02/03/2014,MATRICULADO
1095,164,1022,02/03/2014,REPROVADO
1102,151,1032,02/03/2014,REPROVADO_FREQUENCIA
1145,162,1063,02/03/2014,REPROVADO
1172,124,1037,02/03/2014,CURSANDO
1323,142,1050,02/03/2014,MATRICULADO
1221,107,1007,02/03/2014,APROVADO
1121,115,1017,02/03/2014,REPROVADO_FREQUENCIA
1107,130,1026,02/03/2014,CURSANDO
1209,152,1000,02/03/2014,CURSANDO
1153,154,1025,02/03/2014,MATRICULADO
1228,108,1034,02/03/2014,MATRICULADO
1333,127,1000,02/03/2014,REPROVADO
1155,135,1053,02/03/2014,MATRICULADO
1077,135,1062,02/03/2014,REPROVADO
1101,143,1051,02/03/2014,REPROVADO
1190,109,1036,02/03/2014,MATRICULADO
1073,144,1055,02/03/2014,REPROVADO_FREQUENCIA
1184,124,1013,02/03/2014,APROVADO
1042,154,1060,02/03/2014,APROVADO
1142,112,1000,02/03/2014,REPROVADO
1051,144,1012,02/03/2014,REPROVADO_FREQUENCIA
1087,118,1025,02/03/2014,REPROVADO
1323,129,1001,02/03/2014,APROVADO
1233,154,1019,02/03/2014,CURSANDO
1025,105,1027,02/03/2014,APROVADO
1274,128,1051,02/03/2014,APROVADO
1166,163,1015,02/03/2014,REPROVADO
1227,106,1006,02/03/2014,REPROVADO_FREQUENCIA
1293,150,1020,02/03/2014,MATRICULADO
1067,149,1063,02/03/2014,CURSANDO
1007,163,1025,02/03/2014,MATRICULADO
1076,132,1038,02/03/2014,CURSANDO
1086,158,1039,02/03/2014,APROVADO
1079,146,1054,02/03/2014,CURSANDO
1210,106,1017,02/03/2014,APROVADO
1133,121,1008,02/03/2014,APROVADO
1263,109,1001,02/03/2014,APROVADO
1278,164,1004,02/03/2014,CURSANDO
1079,138,1053,02/03/2014,APROVADO
1067,153,1018,02/03/2014,REPROVADO
1333,120,1017,02/03/2014,CURSANDO
1310,132,1015,02/03/2014,MATRICULADO
1038,105,1016,02/03/2014,REPROVADO
1241,144,1015,02/03/2014,REPROVADO
1207,111,1046,02/03/2014,REPROVADO_FREQUENCIA
1252,118,1041,02/03/2014,CURSANDO
1192,123,1009,02/03/2014,REPROVADO
1020,140,1056,02/03/2014,CURSANDO
1144,101,1040,02/03/2014,REPROVADO
1224,128,1004,02/03/2014,CURSANDO
1141,132,1030,02/03/2014,CURSANDO
1078,151,1041,02/03/2014,APROVADO
1214,133,1057,02/03/2014,MATRICULADO
1095,118,1035,02/03/2014,MATRICULADO
1144,109,1061,02/03/2014,REPROVADO
1287,154,1032,02/03/2014,MATRICULADO
1105,148,1053,02/03/2014,APROVADO
1043,114,1016,02/03/2014,REPROVADO_FREQUENCIA
1305,136,1028,02/03/2014,REPROVADO
1145,111,1009,02/03/2014,REPROVADO
1139,113,1021,02/03/2014,REPROVADO_FREQUENCIA
1049,148,1037,02/03/2014,REPROVADO
1081,139,1041,02/03/2014,CURSANDO
1011,116,1029,02/03/2014,APROVADO
1323,163,1025,02/03/2014,CURSANDO
1270,119,1028,02/03/2014,MATRICULADO
1331,119,1008,02/03/2014,APROVADO
1000,142,1054,02/03/2014,MATRICULADO
1090,123,1052,02/03/2014,CURSANDO
1042,112,1019,02/03/2014,REPROVADO
1040,107,1047,02/03/2014,CURSANDO
1264,147,1004,02/03/2014,REPROVADO
1037,115,1060,02/03/2014,APROVADO
1015,116,1029,02/03/2014,REPROVADO_FREQUENCIA
1240,155,1038,02/03/2014,REPROVADO
1113,104,1026,02/03/2014,CURSANDO
1028,157,1014,02/03/2014,REPROVADO
1174,133,1001,02/03/2014,REPROVADO
1294,164,1027,02/03/2014,REPROVADO_FREQUENCIA
1113,122,1052,02/03/2014,MATRICULADO
1297,113,1027,02/03/2014,MATRICULADO
1036,132,1003,02/03/2014,REPROVADO_FREQUENCIA
1103,138,1042,02/03/2014,REPROVADO_FREQUENCIA
1286,143,1031,02/03/2014,REPROVADO
1247,154,1011,02/03/2014,CURSANDO
1316,141,1005,02/03/2014,CURSANDO
1073,140,1018,02/03/2014,REPROVADO_FREQUENCIA
1215,100,1005,02/03/2014,REPROVADO
1061,140,1000,02/03/2014,APROVADO
1278,122,1049,02/03/2014,APROVADO
1179,123,1011,02/03/2014,REPROVADO_FREQUENCIA
1016,118,1049,02/03/2014,CURSANDO
1059,140,1019,02/03/2014,APROVADO
1025,153,1002,02/03/2014,APROVADO
1051,130,1040,02/03/2014,MATRICULADO
1286,149,1005,02/03/2014,MATRICULADO
1319,105,1021,02/03/2014,REPROVADO_FREQUENCIA
1256,139,1063,02/03/2014,REPROVADO
1269,163,1015,02/03/2014,CURSANDO
1197,114,1011,02/03/2014,APROVADO
1135,157,1049,02/03/2014,REPROVADO
1060,104,1013,02/03/2014,REPROVADO_FREQUENCIA
1114,130,1035,02/03/2014,MATRICULADO
1250,146,1014,02/03/2014,APROVADO
1162,122,1014,02/03/2014,CURSANDO
1061,129,1059,02/03/2014,CURSANDO
1056,119,1057,02/03/2014,REPROVADO_FREQUENCIA
1160,136,1042,02/03/2014,APROVADO
1177,126,1040,02/03/2014,APROVADO
1027,129,1012,02/03/2014,REPROVADO
1277,109,1052,02/03/2014,MATRICULADO
1174,161,1060,02/03/2014,CURSANDO
1041,155,1017,02/03/2014,APROVADO
1291,152,1003,02/03/2014,REPROVADO_FREQUENCIA
1063,158,1043,02/03/2014,APROVADO
1045,123,1015,02/03/2014,REPROVADO
1170,137,1028,02/03/2014,REPROVADO_FREQUENCIA
1236,117,1037,02/03/2014,CURSANDO
1077,162,1022,02/03/2014,CURSANDO
1157,135,1045,02/03/2014,APROVADO
1024,138,1022,02/03/2014,MATRICULADO
1150,113,1030,02/03/2014,CURSANDO
1021,114,1016,02/03/2014,REPROVADO_FREQUENCIA
1117,120,1028,02/03/2014,MATRICULADO
1174,149,1028,02/03/2014,APROVADO
1067,102,1053,02/03/2014,MATRICULADO
1324,136,1049,02/03/2014,CURSANDO
1049,154,1044,02/03/2014,REPROVADO_FREQUENCIA
1049,106,1010,02/03/2014,APROVADO
1268,153,1021,02/03/2014,MATRICULADO
1174,119,1016,02/03/2014,MATRICULADO
1149,131,1010,02/03/2014,MATRICULADO
1299,125,1019,02/03/2014,REPROVADO_FREQUENCIA
1021,152,1010,02/03/2014,CURSANDO
1228,115,1024,02/03/2014,CURSANDO
1249,151,1044,02/03/2014,CURSANDO
1134,100,1002,02/03/2014,MATRICULADO
1329,113,1033,02/03/2014,REPROVADO
1267,101,1016,02/03/2014,REPROVADO_FREQUENCIA
1261,102,1060,02/03/2014,CURSANDO
1020,161,1026,02/03/2014,MATRICULADO
1219,145,1046,02/03/2014,CURSANDO
1280,115,1003,02/03/2014,REPROVADO
1306,140,1019,02/03/2014,APROVADO
1146,140,1013,02/03/2014,MATRICULADO
1169,111,1041,02/03/2014,APROVADO
1224,159,1031,02/03/2014,CURSANDO
1222,126,1028,02/03/2014,REPROVADO_FREQUENCIA
1144,140,1029,02/03/2014,REPROVADO_FREQUENCIA
1282,109,1054,02/03/2014,MATRICULADO
1298,114,1000,02/03/2014,APROVADO
1264,132,1037,02/03/2014,REPROVADO
1030,161,1044,02/03/2014,APROVADO
1047,127,1043,02/03/2014,CURSANDO
1043,130,1001,02/03/2014,MATRICULADO
1306,118,1040,02/03/2014,REPROVADO
1307,153,1052,02/03/2014,CURSANDO
1105,119,1020,02/03/2014,CURSANDO
1292,150,1060,02/03/2014,MATRICULADO
1265,125,1022,02/03/2014,MATRICULADO
1002,159,1046,02/03/2014,REPROVADO
1167,105,1019,02/03/2014,MATRICULADO
1097,102,1013,02/03/2014,APROVADO
1118,116,1062,02/03/2014,CURSANDO
1111,132,1006,02/03/2014,APROVADO
1112,100,1064,02/03/2014,REPROVADO
1322,157,1035,02/03/2014,CURSANDO
1258,117,1018,02/03/2014,REPROVADO_FREQUENCIA
1067,163,1037,02/03/2014,MATRICULADO
1172,122,1048,02/03/2014,MATRICULADO
1331,111,1017,02/03/2014,REPROVADO_FREQUENCIA
1294,163,1022,02/03/2014,MATRICULADO
1203,108,1046,02/03/2014,APROVADO
1033,106,1023,02/03/2014,CURSANDO
1014,132,1063,02/03/2014,MATRICULADO
1238,106,1004,02/03/2014,CURSANDO
1301,100,1062,02/03/2014,REPROVADO
1025,150,1034,02/03/2014,MATRICULADO
1219,144,1013,02/03/2014,REPROVADO
1262,112,1064,02/03/2014,APROVADO
1169,145,1015,02/03/2014,MATRICULADO
1082,119,1023,02/03/2014,REPROVADO_FREQUENCIA
1150,111,1061,02/03/2014,CURSANDO
1289,136,1022,02/03/2014,APROVADO
1200,119,1057,02/03/2014,REPROVADO_FREQUENCIA
1204,140,1040,02/03/2014,APROVADO
1077,101,1008,02/03/2014,REPROVADO
1190,120,1019,02/03/2014,APROVADO
1115,118,1002,02/03/2014,REPROVADO
1060,107,1014,02/03/2014,APROVADO
1247,140,1056,02/03/2014,REPROVADO
1274,111,1029,02/03/2014,REPROVADO
1035,104,1003,02/03/2014,CURSANDO
1038,116,1010,02/03/2014,CURSANDO
1148,124,1020,02/03/2014,MATRICULADO
1195,140,1028,02/03/2014,MATRICULADO
1328,132,1051,02/03/2014,MATRICULADO
1172,143,1036,02/03/2014,MATRICULADO
1063,127,1008,02/03/2014,REPROVADO_FREQUENCIA
1109,129,1024,02/03/2014,REPROVADO
1258,111,1051,02/03/2014,REPROVADO_FREQUENCIA
1117,106,1008,02/03/2014,APROVADO
1174,116,1028,02/03/2014,CURSANDO
1144,116,1058,02/03/2014,REPROVADO_FREQUENCIA
1013,146,1060,02/03/2014,MATRICULADO
1311,138,1034,02/03/2014,REPROVADO
1222,150,1002,02/03/2014,REPROVADO_FREQUENCIA
1178,128,1006,02/03/2014,APROVADO
1284,109,1031,02/03/2014,APROVADO
1063,151,1015,02/03/2014,REPROVADO
1000,151,1000,02/03/2014,APROVADO
1000,139,1000,02/03/2014,APROVADO
1000,141,1000,02/03/2014,APROVADO
1000,158,1000,02/03/2014,APROVADO
1000,160,1000,02/03/2014,APROVADO