1085,312.0,03/04/2014,02/05/2014,false
1189,189.0,03/04/2014,02/05/2014,false
1305,266.0,03/04/2014,02/05/2014,false
1000,31.0,03/04/2014,02/05/2014,true
1129,206.0,03/04/2014,02/05/2014,false
1091,53.0,03/04/2014,02/05/2014,false
1132,257.0,03/04/2014,02/05/2014,false
1144,156.0,03/04/2014,02/05/2014,false
1217,82.0,03/04/2014,02/05/2014,false
1186,291.0,03/04/2014,02/05/2014,false
1215,112.0,03/04/2014,02/05/2014,false
1016,215.0,03/04/2014,02/05/2014,false
1212,55.0,03/04/2014,02/05/2014,false
1301,208.0,03/04/2014,02/05/2014,false
1025,306.0,03/04/2014,02/05/2014,false
1000,250.0,03/04/2014,02/05/2014,true
1128,176.0,03/04/2014,02/05/2014,false
1292,125.0,03/04/2014,02/05/2014,false
1207,193.0,03/04/2014,02/05/2014,false
1074,105.0,03/04/2014,02/05/2014,false
1172,261.0,03/04/2014,02/05/2014,false
1178,145.0,03/04/2014,02/05/2014,false
1236,144.0,03/04/2014,02/05/2014,false
1316,64.0,03/04/2014,02/05/2014,false
1161,112.0,03/04/2014,02/05/2014,false
1150,77.0,03/04/2014,02/05/2014,false
1296,69.0,03/04/2014,02/05/2014,false
1329,260.0,03/04/2014,02/05/2014,false
1065,280.0,03/04/2014,02/05/2014,false
1218,318.0,03/04/2014,02/05/2014,false
1224,135.0,03/04/2014,02/05/2014,false
1230,45.0,03/04/2014,02/05/2014,false
1305,312.0,03/04/2014,02/05/2014,false
1139,226.0,03/04/2014,02/05/2014,false
1281,159.0,03/04/2014,02/05/2014,false
1251,181.0,03/04/2014,02/05/2014,false
1021,120.0,03/04/2014,02/05/2014,false
1052,148.0,03/04/2014,02/05/2014,false
1169,60.0,03/04/2014,02/05/2014,false
1064,29.0,03/04/2014,02/05/2014,false
1198,162.0,03/04/2014,02/05/2014,false
1095,129.0,03/04/2014,02/05/2014,false
1149,108.0,03/04/2014,02/05/2014,false
1146,32.0,03/04/2014,02/05/2014,false
1139,246.0,03/04/2014,02/05/2014,false
1111,324.0,03/04/2014,02/05/2014,false
1126,222.0,03/04/2014,02/05/2014,false
1044,260.0,03/04/2014,02/05/2014,false
1211,151.0,03/04/2014,02/05/2014,false
1050,276.0,03/04/2014,02/05/2014,false
1292,39.0,03/04/2014,02/05/2014,false
1160,142.0,03/04/2014,02/05/2014,false
1238,38.0,03/04/2014,02/05/2014,false
1195,82.0,03/04/2014,02/05/2014,false
1329,305.0,03/04/2014,02/05/2014,false
1247,43.0,03/04/2014,02/05/2014,false
1137,98.0,03/04/2014,02/05/2014,false
1325,110.0,03/04/2014,02/05/2014,false
1183,234.0,03/04/2014,02/05/2014,false
1253,314.0,03/04/2014,02/05/2014,false
1218,184.0,03/04/2014,02/05/2014,false
1133,322.0,03/04/2014,02/05/2014,false
1284,310.0,03/04/2014,02/05/2014,false
1162,126.0,03/04/2014,02/05/2014,false
1137,180.0,03/04/2014,02/05/2014,false
1054,45.0,03/04/2014,02/05/2014,false
1240,148.0,03/04/2014,02/05/2014,false
1095,260.0,03/04/2014,02/05/2014,false
1057,285.0,03/04/2014,02/05/2014,false
1188,170.0,03/04/2014,02/05/2014,false
1029,37.0,03/04/2014,02/05/2014,false
1182,309.0,03/04/2014,02/05/2014,false
1240,69.0,03/04/2014,02/05/2014,false
1109,69.0,03/04/2014,02/05/2014,false
1315,96.0,03/04/2014,02/05/2014,false
1116,69.0,03/04/2014,02/05/2014,false
1118,65.0,03/04/2014,02/05/2014,false
1200,71.0,03/04/2014,02/05/2014,false
1172,73.0,03/04/2014,02/05/2014,false
1265,224.0,03/04/2014,02/05/2014,false
1016,156.0,03/04/2014,02/05/2014,false
1055,286.0,03/04/2014,02/05/2014,false
1256,243.0,03/04/2014,02/05/2014,false
1054,130.0,03/04/2014,02/05/2014,false
1224,70.0,03/04/2014,02/05/2014,false
1284,40.0,03/04/2014,02/05/2014,false
1022,240.0,03/04/2014,02/05/2014,false
1254,247.0,03/04/2014,02/05/2014,false
1217,165.0,03/04/2014,02/05/2014,false
1301,30.0,03/04/2014,02/05/2014,false
1169,221.0,03/04/2014,02/05/2014,false
1050,234.0,03/04/2014,02/05/2014,false
1280,181.0,03/04/2014,02/05/2014,false
1032,182.0,03/04/2014,02/05/2014,false
1277,120.0,03/04/2014,02/05/2014,false
1024,319.0,03/04/2014,02/05/2014,false
1135,245.0,03/04/2014,02/05/2014,false
1302,33.0,03/04/2014,02/05/2014,false
1327,143.0,03/04/2014,02/05/2014,false
1209,296.0,03/04/2014,02/05/2014,false
1202,314.0,03/04/2014,02/05/2014,false
1168,87.0,03/04/2014,02/05/2014,false
1333,218.0,03/04/2014,02/05/2014,false
1268,240.0,03/04/2014,02/05/2014,false
1136,159.0,03/04/2014,02/05/2014,false
1160,112.0,03/04/2014,02/05/2014,false
1066,265.0,03/04/2014,02/05/2014,false
1292,167.0,03/04/2014,02/05/2014,false
1303,135.0,03/04/2014,02/05/2014,false
1151,68.0,03/04/2014,02/05/2014,false
1067,271.0,03/04/2014,02/05/2014,false
1046,77.0,03/04/2014,02/05/2014,false
1036,216.0,03/04/2014,02/05/2014,false
1148,268.0,03/04/2014,02/05/2014,false
1174,35.0,03/04/2014,02/05/2014,false
1082,46.0,03/04/2014,02/05/2014,false
1258,204.0,03/04/2014,02/05/2014,false
1193,236.0,03/04/2014,02/05/2014,false
1170,46.0,03/04/2014,02/05/2014,false
1149,236.0,03/04/2014,02/05/2014,false
1256,210.0,03/04/2014,02/05/2014,false
1286,129.0,03/04/2014,02/05/2014,false
1153,186.0,03/04/2014,02/05/2014,false
1329,80.0,03/04/2014,02/05/2014,false
1191,294.0,03/04/2014,02/05/2014,false
1262,183.0,03/04/2014,02/05/2014,false
1330,59.0,03/04/2014,02/05/2014,false
1091,248.0,03/04/2014,02/05/2014,false
1035,139.0,03/04/2014,02/05/2014,false
1312,219.0,03/04/2014,02/05/2014,false
1274,71.0,03/04/2014,02/05/2014,false
1014,270.0,03/04/2014,02/05/2014,false
1024,47.0,03/04/2014,02/05/2014,false
1182,140.0,03/04/2014,02/05/2014,false
1237,216.0,03/04/2014,02/05/2014,false
1120,70.0,03/04/2014,02/05/2014,false
1247,153.0,03/04/2014,02/05/2014,false
1150,156.0,03/04/2014,02/05/2014,false
1286,70.0,03/04/2014,02/05/2014,false
1247,28.0,03/04/2014,02/05/2014,false
1198,219.0,03/04/2014,02/05/2014,false
1115,299.0,03/04/2014,02/05/2014,false
1006,249.0,03/04/2014,02/05/2014,false
1095,304.0,03/04/2014,02/05/2014,false
1250,142.0,03/04/2014,02/05/2014,false
1200,149.0,03/04/2014,02/05/2014,false
1249,319.0,03/04/2014,02/05/2014,false
1119,53.0,03/04/2014,02/05/2014,false
1305,227.0,03/04/2014,02/05/2014,false
1121,92.0,03/04/2014,02/05/2014,false
1064,82.0,03/04/2014,02/05/2014,false
1156,166.0,03/04/2014,02/05/2014,false
1210,284.0,03/04/2014,02/05/2014,false
1058,162.0,03/04/2014,02/05/2014,false
1059,142.0,03/04/2014,02/05/2014,false
1294,289.0,03/04/2014,02/05/2014,false
1313,45.0,03/04/2014,02/05/2014,false
1288,147.0,03/04/2014,02/05/2014,false
1310,123.0,03/04/2014,02/05/2014,false
1213,224.0,03/04/2014,02/05/2014,false
1197,324.0,03/04/2014,02/05/2014,false
1220,83.0,03/04/2014,02/05/2014,false
1095,305.0,03/04/2014,02/05/2014,false
1090,240.0,03/04/2014,02/05/2014,false
1195,160.0,03/04/2014,02/05/2014,false
1100,179.0,03/04/2014,02/05/2014,false
1154,306.0,03/04/2014,02/05/2014,false
1174,46.0,03/04/2014,02/05/2014,false
1157,170.0,03/04/2014,02/05/2014,false
1112,237.0,03/04/2014,02/05/2014,false
1261,86.0,03/04/2014,02/05/2014,false
1054,126.0,03/04/2014,02/05/2014,false
1064,226.0,03/04/2014,02/05/2014,false
1216,228.0,03/04/2014,02/05/2014,false
1280,291.0,03/04/2014,02/05/2014,false
1102,317.0,03/04/2014,02/05/2014,false
1096,242.0,03/04/2014,02/05/2014,false
1052,154.0,03/04/2014,02/05/2014,false
1151,273.0,03/04/2014,02/05/2014,false
1270,287.0,03/04/2014,02/05/2014,false
1115,253.0,03/04/2014,02/05/2014,false
1130,281.0,03/04/2014,02/05/2014,false
1270,258.0,03/04/2014,02/05/2014,false
1240,172.0,03/04/2014,02/05/2014,false
1056,43.0,03/04/2014,02/05/2014,false
1241,173.0,03/04/2014,02/05/2014,false
1130,235.0,03/04/2014,02/05/2014,false
1164,267.0,03/04/2014,02/05/2014,false
1127,144.0,03/04/2014,02/05/2014,false
1156,36.0,03/04/2014,02/05/2014,false
1193,121.0,03/04/2014,02/05/2014,false
1190,309.0,03/04/2014,02/05/2014,false
1031,282.0,03/04/2014,02/05/2014,false
1112,264.0,03/04/2014,02/05/2014,false
1251,75.0,03/04/2014,02/05/2014,false
1038,297.0,03/04/2014,02/05/2014,false
1278,101.0,03/04/2014,02/05/2014,false
1156,141.0,03/04/2014,02/05/2014,false
1047,129.0,03/04/2014,02/05/2014,false
1178,45.0,03/04/2014,02/05/2014,false
1227,279.0,03/04/2014,02/05/2014,false
1075,323.0,03/04/2014,02/05/2014,false
1096,283.0,03/04/2014,02/05/2014,false
1024,37.0,03/04/2014,02/05/2014,false
1199,281.0,03/04/2014,02/05/2014,false
1042,31.0,03/04/2014,02/05/2014,false
1305,177.0,03/04/2014,02/05/2014,false
1267,60.0,03/04/2014,02/05/2014,false
1136,141.0,03/04/2014,02/05/2014,false
1220,122.0,03/04/2014,02/05/2014,false
1070,318.0,03/04/2014,02/05/2014,false
1210,160.0,03/04/2014,02/05/2014,false
1265,212.0,03/04/2014,02/05/2014,false
1002,112.0,03/04/2014,02/05/2014,false
1109,119.0,03/04/2014,02/05/2014,false
1118,147.0,03/04/2014,02/05/2014,false
1293,160.0,03/04/2014,02/05/2014,false
1074,219.0,03/04/2014,02/05/2014,false
1178,123.0,03/04/2014,02/05/2014,false
1139,228.0,03/04/2014,02/05/2014,false
1145,256.0,03/04/2014,02/05/2014,false
1200,180.0,03/04/2014,02/05/2014,false
1311,85.0,03/04/2014,02/05/2014,false
1328,321.0,03/04/2014,02/05/2014,false
1162,317.0,03/04/2014,02/05/2014,false
1102,79.0,03/04/2014,02/05/2014,false
1019,190.0,03/04/2014,02/05/2014,false
1190,202.0,03/04/2014,02/05/2014,false
1267,102.0,03/04/2014,02/05/2014,false
1228,167.0,03/04/2014,02/05/2014,false
1262,152.0,03/04/2014,02/05/2014,false
1193,119.0,03/04/2014,02/05/2014,false
1175,163.0,03/04/2014,02/05/2014,false
1258,48.0,03/04/2014,02/05/2014,false
1130,197.0,03/04/2014,02/05/2014,false
1128,59.0,03/04/2014,02/05/2014,false
1061,258.0,03/04/2014,02/05/2014,false
1205,68.0,03/04/2014,02/05/2014,false
1180,190.0,03/04/2014,02/05/2014,false
1196,57.0,03/04/2014,02/05/2014,false
1242,174.0,03/04/2014,02/05/2014,false
1043,282.0,03/04/2014,02/05/2014,false
1122,323.0,03/04/2014,02/05/2014,false
1220,304.0,03/04/2014,02/05/2014,false
1238,310.0,03/04/2014,02/05/2014,false
1304,223.0,03/04/2014,02/05/2014,false
1241,156.0,03/04/2014,02/05/2014,false
1026,239.0,03/04/2014,02/05/2014,false
1095,30.0,03/04/2014,02/05/2014,false
1180,244.0,03/04/2014,02/05/2014,false
1223,281.0,03/04/2014,02/05/2014,false
1241,324.0,03/04/2014,02/05/2014,false
1329,41.0,03/04/2014,02/05/2014,false
1010,212.0,03/04/2014,02/05/2014,false
1009,67.0,03/04/2014,02/05/2014,false
1247,313.0,03/04/2014,02/05/2014,false
1167,316.0,03/04/2014,02/05/2014,false
1076,139.0,03/04/2014,02/05/2014,false
1097,275.0,03/04/2014,02/05/2014,false
1238,181.0,03/04/2014,02/05/2014,false
1026,207.0,03/04/2014,02/05/2014,false
1041,143.0,03/04/2014,02/05/2014,false
1165,101.0,03/04/2014,02/05/2014,false
1077,72.0,03/04/2014,02/05/2014,false
1121,274.0,03/04/2014,02/05/2014,false
1239,99.0,03/04/2014,02/05/2014,false
1229,38.0,03/04/2014,02/05/2014,false
1056,166.0,03/04/2014,02/05/2014,false
1325,46.0,03/04/2014,02/05/2014,false
1115,219.0,03/04/2014,02/05/2014,false
1203,35.0,03/04/2014,02/05/2014,false
1267,259.0,03/04/2014,02/05/2014,false
1151,142.0,03/04/2014,02/05/2014,false
1214,290.0,03/04/2014,02/05/2014,false
1100,39.0,03/04/2014,02/05/2014,false
1252,176.0,03/04/2014,02/05/2014,false
1057,233.0,03/04/2014,02/05/2014,false
1130,319.0,03/04/2014,02/05/2014,false
1040,227.0,03/04/2014,02/05/2014,false
1329,99.0,03/04/2014,02/05/2014,false
1231,158.0,03/04/2014,02/05/2014,false
1074,315.0,03/04/2014,02/05/2014,false
1230,240.0,03/04/2014,02/05/2014,false
1144,317.0,03/04/2014,02/05/2014,false
1286,123.0,03/04/2014,02/05/2014,false
1319,189.0,03/04/2014,02/05/2014,false
1108,162.0,03/04/2014,02/05/2014,false
1076,285.0,03/04/2014,02/05/2014,false
1254,103.0,03/04/2014,02/05/2014,false
1328,64.0,03/04/2014,02/05/2014,false
1139,321.0,03/04/2014,02/05/2014,false
1173,85.0,03/04/2014,02/05/2014,false
1246,75.0,03/04/2014,02/05/2014,false
1233,86.0,03/04/2014,02/05/2014,false
1209,106.0,03/04/2014,02/05/2014,false
1204,283.0,03/04/2014,02/05/2014,false
1008,289.0,03/04/2014,02/05/2014,false
1103,86.0,03/04/2014,02/05/2014,false
1325,83.0,03/04/2014,02/05/2014,false
1207,186.0,03/04/2014,02/05/2014,false
1314,261.0,03/04/2014,02/05/2014,false
1175,80.0,03/04/2014,02/05/2014,false
1207,51.0,03/04/2014,02/05/2014,false
1015,67.0,03/04/2014,02/05/2014,false
1197,64.0,03/04/2014,02/05/2014,false
1299,72.0,03/04/2014,02/05/2014,false
1297,158.0,03/04/2014,02/05/2014,false
1243,140.0,03/04/2014,02/05/2014,false
1043,286.0,03/04/2014,02/05/2014,false
1270,265.0,03/04/2014,02/05/2014,false
1196,233.0,03/04/2014,02/05/2014,false
1207,97.0,03/04/2014,02/05/2014,false
1208,131.0,03/04/2014,02/05/2014,false
1182,137.0,03/04/2014,02/05/2014,false
1072,255.0,03/04/2014,02/05/2014,false
1040,57.0,03/04/2014,02/05/2014,false
1223,146.0,03/04/2014,02/05/2014,false
1318,250.0,03/04/2014,02/05/2014,false
1202,131.0,03/04/2014,02/05/2014,false
1117,204.0,03/04/2014,02/05/2014,false
1192,239.0,03/04/2014,02/05/2014,false
1198,308.0,03/04/2014,02/05/2014,false
1224,128.0,03/04/2014,02/05/2014,false
1048,194.0,03/04/2014,02/05/2014,false
1079,264.0,03/04/2014,02/05/2014,false
1238,125.0,03/04/2014,02/05/2014,false
1201,103.0,03/04/2014,02/05/2014,false
1328,254.0,03/04/2014,02/05/2014,false
1082,183.0,03/04/2014,02/05/2014,false
1213,317.0,03/04/2014,02/05/2014,false
1141,53.0,03/04/2014,02/05/2014,false
1060,209.0,03/04/2014,02/05/2014,false
1317,139.0,03/04/2014,02/05/2014,false
1280,251.0,03/04/2014,02/05/2014,false
1231,299.0,03/04/2014,02/05/2014,false
1154,161.0,03/04/2014,02/05/2014,false
1254,168.0,03/04/2014,02/05/2014,false
1173,323.0,03/04/2014,02/05/2014,false
1223,208.0,03/04/2014,02/05/2014,false
1010,82.0,03/04/2014,02/05/2014,false
1067,317.0,03/04/2014,02/05/2014,false
1252,207.0,03/04/2014,02/05/2014,false
1009,93.0,03/04/2014,02/05/2014,false
1030,191.0,03/04/2014,02/05/2014,false
1238,154.0,03/04/2014,02/05/2014,false
1263,85.0,03/04/2014,02/05/2014,false
1285,159.0,03/04/2014,02/05/2014,false
1238,131.0,03/04/2014,02/05/2014,false
1285,54.0,03/04/2014,02/05/2014,false
1290,282.0,03/04/2014,02/05/2014,false
1308,117.0,03/04/2014,02/05/2014,false
1228,247.0,03/04/2014,02/05/2014,false
1307,91.0,03/04/2014,02/05/2014,false
1320,176.0,03/04/2014,02/05/2014,false
1314,32.0,03/04/2014,02/05/2014,false
1273,229.0,03/04/2014,02/05/2014,false
1176,316.0,03/04/2014,02/05/2014,false
1231,290.0,03/04/2014,02/05/2014,false
1123,218.0,03/04/2014,02/05/2014,false
1105,107.0,03/04/2014,02/05/2014,false
1208,293.0,03/04/2014,02/05/2014,false
1241,169.0,03/04/2014,02/05/2014,false
1031,31.0,03/04/2014,02/05/2014,false
1238,293.0,03/04/2014,02/05/2014,false
1118,188.0,03/04/2014,02/05/2014,false
1136,88.0,03/04/2014,02/05/2014,false
1113,103.0,03/04/2014,02/05/2014,false
1032,209.0,03/04/2014,02/05/2014,false
1101,131.0,03/04/2014,02/05/2014,false
1113,297.0,03/04/2014,02/05/2014,false
1144,237.0,03/04/2014,02/05/2014,false
1042,100.0,03/04/2014,02/05/2014,false
1064,266.0,03/04/2014,02/05/2014,false
1069,75.0,03/04/2014,02/05/2014,false
1117,72.0,03/04/2014,02/05/2014,false
1320,162.0,03/04/2014,02/05/2014,false
1147,253.0,03/04/2014,02/05/2014,false
1174,31.0,03/04/2014,02/05/2014,false
1067,305.0,03/04/2014,02/05/2014,false
1222,284.0,03/04/2014,02/05/2014,false
1029,155.0,03/04/2014,02/05/2014,false
1179,159.0,03/04/2014,02/05/2014,false
1229,25.0,03/04/2014,02/05/2014,false
1131,210.0,03/04/2014,02/05/2014,false
1029,180.0,03/04/2014,02/05/2014,false
1054,50.0,03/04/2014,02/05/2014,false
1244,133.0,03/04/2014,02/05/2014,false
1013,113.0,03/04/2014,02/05/2014,false
1053,249.0,03/04/2014,02/05/2014,false
1036,71.0,03/04/2014,02/05/2014,false
1211,300.0,03/04/2014,02/05/2014,false
1113,323.0,03/04/2014,02/05/2014,false
1180,226.0,03/04/2014,02/05/2014,false
1242,98.0,03/04/2014,02/05/2014,false
1235,269.0,03/04/2014,02/05/2014,false
1010,81.0,03/04/2014,02/05/2014,false
1042,111.0,03/04/2014,02/05/2014,false
1145,211.0,03/04/2014,02/05/2014,false
1178,95.0,03/04/2014,02/05/2014,false
1149,70.0,03/04/2014,02/05/2014,false
1092,133.0,03/04/2014,02/05/2014,false
1015,138.0,03/04/2014,02/05/2014,false
1025,57.0,03/04/2014,02/05/2014,false
1094,153.0,03/04/2014,02/05/2014,false
1309,73.0,03/04/2014,02/05/2014,false
1238,147.0,03/04/2014,02/05/2014,false
1165,270.0,03/04/2014,02/05/2014,false
1200,254.0,03/04/2014,02/05/2014,false
1327,271.0,03/04/2014,02/05/2014,false
1035,161.0,03/04/2014,02/05/2014,false
1231,74.0,03/04/2014,02/05/2014,false
1027,310.0,03/04/2014,02/05/2014,false
1236,249.0,03/04/2014,02/05/2014,false
1321,196.0,03/04/2014,02/05/2014,false
1005,63.0,03/04/2014,02/05/2014,false
1300,209.0,03/04/2014,02/05/2014,false
1138,293.0,03/04/2014,02/05/2014,false
1124,266.0,03/04/2014,02/05/2014,false
1026,264.0,03/04/2014,02/05/2014,false
1131,110.0,03/04/2014,02/05/2014,false
1255,229.0,03/04/2014,02/05/2014,false
1087,234.0,03/04/2014,02/05/2014,false
1004,280.0,03/04/2014,02/05/2014,false
1253,253.0,03/04/2014,02/05/2014,false
1010,111.0,03/04/2014,02/05/2014,false
1287,255.0,03/04/2014,02/05/2014,false
1256,171.0,03/04/2014,02/05/2014,false
1171,161.0,03/04/2014,02/05/2014,false
1240,242.0,03/04/2014,02/05/2014,false
1177,57.0,03/04/2014,02/05/2014,false
1316,270.0,03/04/2014,02/05/2014,false
1197,293.0,03/04/2014,02/05/2014,false
1058,172.0,03/04/2014,02/05/2014,false
1142,119.0,03/04/2014,02/05/2014,false
1293,241.0,03/04/2014,02/05/2014,false
1053,209.0,03/04/2014,02/05/2014,false
1043,85.0,03/04/2014,02/05/2014,false
1067,49.0,03/04/2014,02/05/2014,false
1188,290.0,03/04/2014,02/05/2014,false
1132,26.0,03/04/2014,02/05/2014,false
1116,77.0,03/04/2014,02/05/2014,false
1093,109.0,03/04/2014,02/05/2014,false
1261,84.0,03/04/2014,02/05/2014,false
1308,151.0,03/04/2014,02/05/2014,false
1329,303.0,03/04/2014,02/05/2014,false
1190,216.0,03/04/2014,02/05/2014,false
1306,70.0,03/04/2014,02/05/2014,false
1157,252.0,03/04/2014,02/05/2014,false
1147,150.0,03/04/2014,02/05/2014,false
1100,136.0,03/04/2014,02/05/2014,false
1096,191.0,03/04/2014,02/05/2014,false
1180,64.0,03/04/2014,02/05/2014,false
1302,113.0,03/04/2014,02/05/2014,false
1119,253.0,03/04/2014,02/05/2014,false
1245,184.0,03/04/2014,02/05/2014,false
1309,139.0,03/04/2014,02/05/2014,false
1172,250.0,03/04/2014,02/05/2014,false
1168,176.0,03/04/2014,02/05/2014,false
1245,229.0,03/04/2014,02/05/2014,false
1292,150.0,03/04/2014,02/05/2014,false
1303,252.0,03/04/2014,02/05/2014,false
1022,92.0,03/04/2014,02/05/2014,false
1023,256.0,03/04/2014,02/05/2014,false
1211,94.0,03/04/2014,02/05/2014,false
1123,210.0,03/04/2014,02/05/2014,false
1323,284.0,03/04/2014,02/05/2014,false
1174,127.0,03/04/2014,02/05/2014,false
1275,248.0,03/04/2014,02/05/2014,false
1096,252.0,03/04/2014,02/05/2014,false
1214,68.0,03/04/2014,02/05/2014,false
1160,293.0,03/04/2014,02/05/2014,false
1044,260.0,03/04/2014,02/05/2014,false
1012,185.0,03/04/2014,02/05/2014,false
1273,175.0,03/04/2014,02/05/2014,false
1101,81.0,03/04/2014,02/05/2014,false
1248,138.0,03/04/2014,02/05/2014,false
1068,51.0,03/04/2014,02/05/2014,false
1298,93.0,03/04/2014,02/05/2014,false
1263,315.0,03/04/2014,02/05/2014,false
1145,146.0,03/04/2014,02/05/2014,false
1150,160.0,03/04/2014,02/05/2014,false
1042,130.0,03/04/2014,02/05/2014,false
1069,40.0,03/04/2014,02/05/2014,false
1231,320.0,03/04/2014,02/05/2014,false
1167,321.0,03/04/2014,02/05/2014,false
1246,243.0,03/04/2014,02/05/2014,false
1323,229.0,03/04/2014,02/05/2014,false
1245,263.0,03/04/2014,02/05/2014,false
1014,198.0,03/04/2014,02/05/2014,false
1146,106.0,03/04/2014,02/05/2014,false
1138,232.0,03/04/2014,02/05/2014,false
1317,175.0,03/04/2014,02/05/2014,false
1168,264.0,03/04/2014,02/05/2014,false
1293,145.0,03/04/2014,02/05/2014,false
1148,199.0,03/04/2014,02/05/2014,false
1295,145.0,03/04/2014,02/05/2014,false
1317,303.0,03/04/2014,02/05/2014,false
1086,164.0,03/04/2014,02/05/2014,false
1014,285.0,03/04/2014,02/05/2014,false
1219,207.0,03/04/2014,02/05/2014,false
1034,37.0,03/04/2014,02/05/2014,false
1109,295.0,03/04/2014,02/05/2014,false
1077,319.0,03/04/2014,02/05/2014,false
1326,130.0,03/04/2014,02/05/2014,false
1031,31.0,03/04/2014,02/05/2014,false
1049,100.0,03/04/2014,02/05/2014,false
1210,36.0,03/04/2014,02/05/2014,false
1312,116.0,03/04/2014,02/05/2014,false
1012,315.0,03/04/2014,02/05/2014,false
1280,102.0,03/04/2014,02/05/2014,false
1011,242.0,03/04/2014,02/05/2014,false
1300,172.0,03/04/2014,02/05/2014,false
1136,78.0,03/04/2014,02/05/2014,false
1244,55.0,03/04/2014,02/05/2014,false
1306,166.0,03/04/2014,02/05/2014,false
1185,181.0,03/04/2014,02/05/2014,false
1265,313.0,03/04/2014,02/05/2014,false
1018,107.0,03/04/2014,02/05/2014,false
1006,155.0,03/04/2014,02/05/2014,false
1079,74.0,03/04/2014,02/05/2014,false
1025,220.0,03/04/2014,02/05/2014,false
1284,69.0,03/04/2014,02/05/2014,false
1015,70.0,03/04/2014,02/05/2014,false
1048,212.0,03/04/2014,02/05/2014,false
1200,55.0,03/04/2014,02/05/2014,false
1154,312.0,03/04/2014,02/05/2014,false
1006,73.0,03/04/2014,02/05/2014,false
1001,173.0,03/04/2014,02/05/2014,false
1278,322.0,03/04/2014,02/05/2014,false
1168,308.0,03/04/2014,02/05/2014,false
1243,222.0,03/04/2014,02/05/2014,false
1028,81.0,03/04/2014,02/05/2014,false
1052,39.0,03/04/2014,02/05/2014,false
1246,244.0,03/04/2014,02/05/2014,false
1019,199.0,03/04/2014,02/05/2014,false
1308,85.0,03/04/2014,02/05/2014,false
1323,298.0,03/04/2014,02/05/2014,false
1086,291.0,03/04/2014,02/05/2014,false
1069,317.0,03/04/2014,02/05/2014,false
1262,228.0,03/04/2014,02/05/2014,false
1081,260.0,03/04/2014,02/05/2014,false
1223,251.0,03/04/2014,02/05/2014,false
1218,223.0,03/04/2014,02/05/2014,false
1018,146.0,03/04/2014,02/05/2014,false
1005,133.0,03/04/2014,02/05/2014,false
1002,41.0,03/04/2014,02/05/2014,false
1291,73.0,03/04/2014,02/05/2014,false
1110,99.0,03/04/2014,02/05/2014,false
1171,61.0,03/04/2014,02/05/2014,false
1256,263.0,03/04/2014,02/05/2014,false
1272,213.0,03/04/2014,02/05/2014,false
1223,276.0,03/04/2014,02/05/2014,false
1275,103.0,03/04/2014,02/05/2014,false
1066,276.0,03/04/2014,02/05/2014,false
1032,69.0,03/04/2014,02/05/2014,false
1141,277.0,03/04/2014,02/05/2014,false
1095,146.0,03/04/2014,02/05/2014,false
1213,154.0,03/04/2014,02/05/2014,false
1157,47.0,03/04/2014,02/05/2014,false
1033,92.0,03/04/2014,02/05/2014,false
1094,323.0,03/04/2014,02/05/2014,false
1292,123.0,03/04/2014,02/05/2014,false
1258,66.0,03/04/2014,02/05/2014,false
1243,167.0,03/04/2014,02/05/2014,false
1138,179.0,03/04/2014,02/05/2014,false
1179,182.0,03/04/2014,02/05/2014,false
1006,275.0,03/04/2014,02/05/2014,false
1261,136.0,03/04/2014,02/05/2014,false
1016,206.0,03/04/2014,02/05/2014,false
1015,305.0,03/04/2014,02/05/2014,false
1270,313.0,03/04/2014,02/05/2014,false
1033,30.0,03/04/2014,02/05/2014,false
1314,283.0,03/04/2014,02/05/2014,false
1001,311.0,03/04/2014,02/05/2014,false
1074,309.0,03/04/2014,02/05/2014,false
1328,264.0,03/04/2014,02/05/2014,false
1141,276.0,03/04/2014,02/05/2014,false
1263,168.0,03/04/2014,02/05/2014,false
1300,321.0,03/04/2014,02/05/2014,false
1033,71.0,03/04/2014,02/05/2014,false
1008,177.0,03/04/2014,02/05/2014,false
1156,298.0,03/04/2014,02/05/2014,false
1024,220.0,03/04/2014,02/05/2014,false
1158,292.0,03/04/2014,02/05/2014,false
1141,144.0,03/04/2014,02/05/2014,false
1181,208.0,03/04/2014,02/05/2014,false
1192,272.0,03/04/2014,02/05/2014,false
1317,35.0,03/04/2014,02/05/2014,false
1319,223.0,03/04/2014,02/05/2014,false
1133,261.0,03/04/2014,02/05/2014,false
1256,316.0,03/04/2014,02/05/2014,false
1155,124.0,03/04/2014,02/05/2014,false
1283,135.0,03/04/2014,02/05/2014,false
1235,182.0,03/04/2014,02/05/2014,false
1206,238.0,03/04/2014,02/05/2014,false
1305,76.0,03/04/2014,02/05/2014,false
1238,42.0,03/04/2014,02/05/2014,false
1199,48.0,03/04/2014,02/05/2014,false
1252,72.0,03/04/2014,02/05/2014,false
1311,109.0,03/04/2014,02/05/2014,false
1177,208.0,03/04/2014,02/05/2014,false
1068,141.0,03/04/2014,02/05/2014,false
1235,138.0,03/04/2014,02/05/2014,false
1320,314.0,03/04/2014,02/05/2014,false
1043,118.0,03/04/2014,02/05/2014,false
1118,88.0,03/04/2014,02/05/2014,false
1066,100.0,03/04/2014,02/05/2014,false
1121,301.0,03/04/2014,02/05/2014,false
1100,308.0,03/04/2014,02/05/2014,false
1011,209.0,03/04/2014,02/05/2014,false
1096,227.0,03/04/2014,02/05/2014,false
1065,195.0,03/04/2014,02/05/2014,false
1309,225.0,03/04/2014,02/05/2014,false
1318,59.0,03/04/2014,02/05/2014,false
1079,323.0,03/04/2014,02/05/2014,false
1012,319.0,03/04/2014,02/05/2014,false
1265,117.0,03/04/2014,02/05/2014,false
1020,192.0,03/04/2014,02/05/2014,false
1018,191.0,03/04/2014,02/05/2014,false
1260,305.0,03/04/2014,02/05/2014,false
1322,187.0,03/04/2014,02/05/2014,false
1044,210.0,03/04/2014,02/05/2014,false
1076,133.0,03/04/2014,02/05/2014,false
1262,210.0,03/04/2014,02/05/2014,false
1297,205.0,03/04/2014,02/05/2014,false
1255,44.0,03/04/2014,02/05/2014,false
1249,224.0,03/04/2014,02/05/2014,false
1200,315.0,03/04/2014,02/05/2014,false
1025,74.0,03/04/2014,02/05/2014,false
1089,288.0,03/04/2014,02/05/2014,false
1234,273.0,03/04/2014,02/05/2014,false
1034,142.0,03/04/2014,02/05/2014,false
1037,247.0,03/04/2014,02/05/2014,false
1276,148.0,03/04/2014,02/05/2014,false
1311,254.0,03/04/2014,02/05/2014,false
1254,153.0,03/04/2014,02/05/2014,false
1217,142.0,03/04/2014,02/05/2014,false
1298,233.0,03/04/2014,02/05/2014,false
1085,58.0,03/04/2014,02/05/2014,false
1173,279.0,03/04/2014,02/05/2014,false
1213,187.0,03/04/2014,02/05/2014,false
1096,263.0,03/04/2014,02/05/2014,false
1305,313.0,03/04/2014,02/05/2014,false
1071,145.0,03/04/2014,02/05/2014,false
1033,148.0,03/04/2014,02/05/2014,false
1193,100.0,03/04/2014,02/05/2014,false
1280,199.0,03/04/2014,02/05/2014,false
1275,162.0,03/04/2014,02/05/2014,false
1077,241.0,03/04/2014,02/05/2014,false
1001,141.0,03/04/2014,02/05/2014,false
1276,70.0,03/04/2014,02/05/2014,false
1139,271.0,03/04/2014,02/05/2014,false
1318,146.0,03/04/2014,02/05/2014,false
1238,294.0,03/04/2014,02/05/2014,false
1061,158.0,03/04/2014,02/05/2014,false
1054,182.0,03/04/2014,02/05/2014,false
1116,170.0,03/04/2014,02/05/2014,false
1273,190.0,03/04/2014,02/05/2014,false
1311,186.0,03/04/2014,02/05/2014,false
1281,311.0,03/04/2014,02/05/2014,false
1267,148.0,03/04/2014,02/05/2014,false
1281,313.0,03/04/2014,02/05/2014,false
1193,40.0,03/04/2014,02/05/2014,false
1130,164.0,03/04/2014,02/05/2014,false
1194,208.0,03/04/2014,02/05/2014,false
1008,182.0,03/04/2014,02/05/2014,false
1069,184.0,03/04/2014,02/05/2014,false
1086,318.0,03/04/2014,02/05/2014,false
1176,131.0,03/04/2014,02/05/2014,false
1001,194.0,03/04/2014,02/05/2014,false
1320,317.0,03/04/2014,02/05/2014,false
1117,212.0,03/04/2014,02/05/2014,false
1268,308.0,03/04/2014,02/05/2014,false
1051,47.0,03/04/2014,02/05/2014,false
1127,89.0,03/04/2014,02/05/2014,false
1176,105.0,03/04/2014,02/05/2014,false
1097,28.0,03/04/2014,02/05/2014,false
1081,140.0,03/04/2014,02/05/2014,false
1217,84.0,03/04/2014,02/05/2014,false
1005,82.0,03/04/2014,02/05/2014,false
1096,37.0,03/04/2014,02/05/2014,false
1167,266.0,03/04/2014,02/05/2014,false
1310,210.0,03/04/2014,02/05/2014,false
1167,214.0,03/04/2014,02/05/2014,false
1160,240.0,03/04/2014,02/05/2014,false
1032,275.0,03/04/2014,02/05/2014,false
1080,246.0,03/04/2014,02/05/2014,false
1099,79.0,03/04/2014,02/05/2014,false
1234,273.0,03/04/2014,02/05/2014,false
1150,175.0,03/04/2014,02/05/2014,false
1157,139.0,03/04/2014,02/05/2014,false
1257,81.0,03/04/2014,02/05/2014,false
1159,304.0,03/04/2014,02/05/2014,false
1091,31.0,03/04/2014,02/05/2014,false
1079,205.0,03/04/2014,02/05/2014,false
1285,323.0,03/04/2014,02/05/2014,false
1011,241.0,03/04/2014,02/05/2014,false
1008,74.0,03/04/2014,02/05/2014,false
1054,168.0,03/04/2014,02/05/2014,false
1306,109.0,03/04/2014,02/05/2014,false
1111,76.0,03/04/2014,02/05/2014,false
1106,75.0,03/04/2014,02/05/2014,false
1245,26.0,03/04/2014,02/05/2014,false
1057,181.0,03/04/2014,02/05/2014,false
1034,48.0,03/04/2014,02/05/2014,false
1123,37.0,03/04/2014,02/05/2014,false
1127,246.0,03/04/2014,02/05/2014,false
1214,214.0,03/04/2014,02/05/2014,false
1198,147.0,03/04/2014,02/05/2014,false
1012,163.0,03/04/2014,02/05/2014,false
1076,310.0,03/04/2014,02/05/2014,false
1288,150.0,03/04/2014,02/05/2014,false
1162,136.0,03/04/2014,02/05/2014,false
1323,100.0,03/04/2014,02/05/2014,false
1013,241.0,03/04/2014,02/05/2014,false
1005,73.0,03/04/2014,02/05/2014,false
1219,276.0,03/04/2014,02/05/2014,false
1004,295.0,03/04/2014,02/05/2014,false
1321,130.0,03/04/2014,02/05/2014,false
1145,322.0,03/04/2014,02/05/2014,false
1046,218.0,03/04/2014,02/05/2014,false
1164,232.0,03/04/2014,02/05/2014,false
1209,207.0,03/04/2014,02/05/2014,false
1095,163.0,03/04/2014,02/05/2014,false
1082,202.0,03/04/2014,02/05/2014,false
1195,310.0,03/04/2014,02/05/2014,false
1152,90.0,03/04/2014,02/05/2014,false
1101,258.0,03/04/2014,02/05/2014,false
1210,89.0,03/04/2014,02/05/2014,false
1257,153.0,03/04/2014,02/05/2014,false
1255,90.0,03/04/2014,02/05/2014,false
1017,167.0,03/04/2014,02/05/2014,false
1134,147.0,03/04/2014,02/05/2014,false
1089,308.0,03/04/2014,02/05/2014,false
1078,64.0,03/04/2014,02/05/2014,false
1071,97.0,03/04/2014,02/05/2014,false
1307,217.0,03/04/2014,02/05/2014,false
1239,104.0,03/04/2014,02/05/2014,false
1226,212.0,03/04/2014,02/05/2014,false
1046,127.0,03/04/2014,02/05/2014,false
1216,107.0,03/04/2014,02/05/2014,false
1177,221.0,03/04/2014,02/05/2014,false
1175,160.0,03/04/2014,02/05/2014,false
1230,217.0,03/04/2014,02/05/2014,false
1104,27.0,03/04/2014,02/05/2014,false
1082,262.0,03/04/2014,02/05/2014,false
1012,141.0,03/04/2014,02/05/2014,false
1218,248.0,03/04/2014,02/05/2014,false
1318,240.0,03/04/2014,02/05/2014,false
1000,116.0,03/04/2014,02/05/2014,true
1213,74.0,03/04/2014,02/05/2014,false
1194,303.0,03/04/2014,02/05/2014,false
1126,210.0,03/04/2014,02/05/2014,false
1150,264.0,03/04/2014,02/05/2014,false
1159,226.0,03/04/2014,02/05/2014,false
1098,140.0,03/04/2014,02/05/2014,false
1021,246.0,03/04/2014,02/05/2014,false
1278,297.0,03/04/2014,02/05/2014,false
1293,248.0,03/04/2014,02/05/2014,false
1222,167.0,03/04/2014,02/05/2014,false
1093,54.0,03/04/2014,02/05/2014,false
1008,186.0,03/04/2014,02/05/2014,false
1079,178.0,03/04/2014,02/05/2014,false
1230,178.0,03/04/2014,02/05/2014,false
1254,119.0,03/04/2014,02/05/2014,false
1066,161.0,03/04/2014,02/05/2014,false
1220,76.0,03/04/2014,02/05/2014,false
1290,222.0,03/04/2014,02/05/2014,false
1087,99.0,03/04/2014,02/05/2014,false
1253,269.0,03/04/2014,02/05/2014,false
1162,295.0,03/04/2014,02/05/2014,false
1213,239.0,03/04/2014,02/05/2014,false
1302,126.0,03/04/2014,02/05/2014,false
1274,301.0,03/04/2014,02/05/2014,false
1125,239.0,03/04/2014,02/05/2014,false
1314,266.0,03/04/2014,02/05/2014,false
1329,205.0,03/04/2014,02/05/2014,false
1202,265.0,03/04/2014,02/05/2014,false
1261,177.0,03/04/2014,02/05/2014,false
1171,175.0,03/04/2014,02/05/2014,false
1292,103.0,03/04/2014,02/05/2014,false
1171,104.0,03/04/2014,02/05/2014,false
1089,65.0,03/04/2014,02/05/2014,false
1307,238.0,03/04/2014,02/05/2014,false
1111,232.0,03/04/2014,02/05/2014,false
1161,228.0,03/04/2014,02/05/2014,false
1186,64.0,03/04/2014,02/05/2014,false
1304,217.0,03/04/2014,02/05/2014,false
1103,319.0,03/04/2014,02/05/2014,false
1156,186.0,03/04/2014,02/05/2014,false
1049,46.0,03/04/2014,02/05/2014,false
1115,144.0,03/04/2014,02/05/2014,false
1203,304.0,03/04/2014,02/05/2014,false
1316,113.0,03/04/2014,02/05/2014,false
1332,272.0,03/04/2014,02/05/2014,false
1200,132.0,03/04/2014,02/05/2014,false
1190,143.0,03/04/2014,02/05/2014,false
1058,282.0,03/04/2014,02/05/2014,false
1160,74.0,03/04/2014,02/05/2014,false
1000,138.0,03/04/2014,02/05/2014,true
1313,41.0,03/04/2014,02/05/2014,false
1006,91.0,03/04/2014,02/05/2014,false
1175,264.0,03/04/2014,02/05/2014,false
1288,219.0,03/04/2014,02/05/2014,false
1236,113.0,03/04/2014,02/05/2014,false
1117,93.0,03/04/2014,02/05/2014,false
1122,114.0,03/04/2014,02/05/2014,false
1110,82.0,03/04/2014,02/05/2014,false
1189,154.0,03/04/2014,02/05/2014,false
1261,276.0,03/04/2014,02/05/2014,false
1174,37.0,03/04/2014,02/05/2014,false
1046,131.0,03/04/2014,02/05/2014,false
1260,168.0,03/04/2014,02/05/2014,false
1011,229.0,03/04/2014,02/05/2014,false
1270,184.0,03/04/2014,02/05/2014,false
1156,43.0,03/04/2014,02/05/2014,false
1015,225.0,03/04/2014,02/05/2014,false
1235,243.0,03/04/2014,02/05/2014,false
1129,273.0,03/04/2014,02/05/2014,false
1242,240.0,03/04/2014,02/05/2014,false
1279,119.0,03/04/2014,02/05/2014,false
1155,284.0,03/04/2014,02/05/2014,false
1197,306.0,03/04/2014,02/05/2014,false
1206,306.0,03/04/2014,02/05/2014,false
1224,211.0,03/04/2014,02/05/2014,false
1316,155.0,03/04/2014,02/05/2014,false
1110,289.0,03/04/2014,02/05/2014,false
1226,273.0,03/04/2014,02/05/2014,false
1279,77.0,03/04/2014,02/05/2014,false
1099,99.0,03/04/2014,02/05/2014,false
1322,213.0,03/04/2014,02/05/2014,false
1106,278.0,03/04/2014,02/05/2014,false
1219,267.0,03/04/2014,02/05/2014,false
1169,323.0,03/04/2014,02/05/2014,false
1224,233.0,03/04/2014,02/05/2014,false
1084,257.0,03/04/2014,02/05/2014,false
1325,156.0,03/04/2014,02/05/2014,false
1194,284.0,03/04/2014,02/05/2014,false
1138,102.0,03/04/2014,02/05/2014,false
1174,289.0,03/04/2014,02/05/2014,false
1107,43.0,03/04/2014,02/05/2014,false
1017,160.0,03/04/2014,02/05/2014,false
1003,205.0,03/04/2014,02/05/2014,false
1306,39.0,03/04/2014,02/05/2014,false
1078,277.0,03/04/2014,02/05/2014,false
1208,53.0,03/04/2014,02/05/2014,false
1223,275.0,03/04/2014,02/05/2014,false
1237,321.0,03/04/2014,02/05/2014,false
1311,224.0,03/04/2014,02/05/2014,false
1107,158.0,03/04/2014,02/05/2014,false
1258,78.0,03/04/2014,02/05/2014,false
1243,83.0,03/04/2014,02/05/2014,false
1122,304.0,03/04/2014,02/05/2014,false
1320,67.0,03/04/2014,02/05/2014,false
1097,149.0,03/04/2014,02/05/2014,false
1167,112.0,03/04/2014,02/05/2014,false
1185,204.0,03/04/2014,02/05/2014,false
1004,216.0,03/04/2014,02/05/2014,false
1081,220.0,03/04/2014,02/05/2014,false
1099,127.0,03/04/2014,02/05/2014,false
1090,75.0,03/04/2014,02/05/2014,false
1290,144.0,03/04/2014,02/05/2014,false
1250,250.0,03/04/2014,02/05/2014,false
1173,158.0,03/04/2014,02/05/2014,false
1070,158.0,03/04/2014,02/05/2014,false
1152,200.0,03/04/2014,02/05/2014,false
1097,184.0,03/04/2014,02/05/2014,false
1297,176.0,03/04/2014,02/05/2014,false
1085,135.0,03/04/2014,02/05/2014,false
1205,146.0,03/04/2014,02/05/2014,false
1307,47.0,03/04/2014,02/05/2014,false
1088,74.0,03/04/2014,02/05/2014,false
1296,139.0,03/04/2014,02/05/2014,false
1065,181.0,03/04/2014,02/05/2014,false
1265,261.0,03/04/2014,02/05/2014,false
1260,167.0,03/04/2014,02/05/2014,false
1211,168.0,03/04/2014,02/05/2014,false
1149,242.0,03/04/2014,02/05/2014,false
1253,181.0,03/04/2014,02/05/2014,false
1182,65.0,03/04/2014,02/05/2014,false
1159,77.0,03/04/2014,02/05/2014,false
1294,293.0,03/04/2014,02/05/2014,false
1081,90.0,03/04/2014,02/05/2014,false
1272,265.0,03/04/2014,02/05/2014,false
1149,264.0,03/04/2014,02/05/2014,false
1255,59.0,03/04/2014,02/05/2014,false
1093,291.0,03/04/2014,02/05/2014,false
1071,308.0,03/04/2014,02/05/2014,false
1116,31.0,03/04/2014,02/05/2014,false
1248,99.0,03/04/2014,02/05/2014,false
1233,257.0,03/04/2014,02/05/2014,false
1259,256.0,03/04/2014,02/05/2014,false
1042,66.0,03/04/2014,02/05/2014,false
1063,41.0,03/04/2014,02/05/2014,false
1254,144.0,03/04/2014,02/05/2014,false
1001,101.0,03/04/2014,02/05/2014,false
1202,117.0,03/04/2014,02/05/2014,false
1296,306.0,03/04/2014,02/05/2014,false
1170,127.0,03/04/2014,02/05/2014,false
1092,204.0,03/04/2014,02/05/2014,false
1283,66.0,03/04/2014,02/05/2014,false
1155,59.0,03/04/2014,02/05/2014,false
1104,244.0,03/04/2014,02/05/2014,false
1134,319.0,03/04/2014,02/05/2014,false
1250,95.0,03/04/2014,02/05/2014,false
1045,90.0,03/04/2014,02/05/2014,false
1321,186.0,03/04/2014,02/05/2014,false
1190,312.0,03/04/2014,02/05/2014,false
1192,74.0,03/04/2014,02/05/2014,false
1054,266.0,03/04/2014,02/05/2014,false
1321,175.0,03/04/2014,02/05/2014,false
1275,223.0,03/04/2014,02/05/2014,false
1282,65.0,03/04/2014,02/05/2014,false
1030,83.0,03/04/2014,02/05/2014,false
1103,301.0,03/04/2014,02/05/2014,false
1018,35.0,03/04/2014,02/05/2014,false
1009,37.0,03/04/2014,02/05/2014,false
1008,172.0,03/04/2014,02/05/2014,false
1314,175.0,03/04/2014,02/05/2014,false
1197,152.0,03/04/2014,02/05/2014,false
1247,226.0,03/04/2014,02/05/2014,false
1331,233.0,03/04/2014,02/05/2014,false
1214,244.0,03/04/2014,02/05/2014,false
1181,267.0,03/04/2014,02/05/2014,false
1046,203.0,03/04/2014,02/05/2014,false
1092,270.0,03/04/2014,02/05/2014,false
1056,69.0,03/04/2014,02/05/2014,false
1048,184.0,03/04/2014,02/05/2014,false
1266,152.0,03/04/2014,02/05/2014,false
1312,115.0,03/04/2014,02/05/2014,false
1085,168.0,03/04/2014,02/05/2014,false
1286,214.0,03/04/2014,02/05/2014,false
1255,257.0,03/04/2014,02/05/2014,false
1331,215.0,03/04/2014,02/05/2014,false
1271,187.0,03/04/2014,02/05/2014,false
1247,302.0,03/04/2014,02/05/2014,false
1017,306.0,03/04/2014,02/05/2014,false
1099,271.0,03/04/2014,02/05/2014,false
1169,282.0,03/04/2014,02/05/2014,false
1067,205.0,03/04/2014,02/05/2014,false
1146,71.0,03/04/2014,02/05/2014,false
1057,116.0,03/04/2014,02/05/2014,false
1318,213.0,03/04/2014,02/05/2014,false
1190,195.0,03/04/2014,02/05/2014,false
1231,27.0,03/04/2014,02/05/2014,false
1168,148.0,03/04/2014,02/05/2014,false
1257,323.0,03/04/2014,02/05/2014,false
1283,88.0,03/04/2014,02/05/2014,false
1189,288.0,03/04/2014,02/05/2014,false
1147,182.0,03/04/2014,02/05/2014,false
1275,146.0,03/04/2014,02/05/2014,false
1095,241.0,03/04/2014,02/05/2014,false
1210,284.0,03/04/2014,02/05/2014,false
1044,153.0,03/04/2014,02/05/2014,false
1158,181.0,03/04/2014,02/05/2014,false
1222,101.0,03/04/2014,02/05/2014,false
1178,304.0,03/04/2014,02/05/2014,false
1289,28.0,03/04/2014,02/05/2014,false
1074,103.0,03/04/2014,02/05/2014,false
1281,124.0,03/04/2014,02/05/2014,false
1016,196.0,03/04/2014,02/05/2014,false
1149,301.0,03/04/2014,02/05/2014,false
1288,251.0,03/04/2014,02/05/2014,false
1224,113.0,03/04/2014,02/05/2014,false
1264,95.0,03/04/2014,02/05/2014,false
1179,63.0,03/04/2014,02/05/2014,false
1087,73.0,03/04/2014,02/05/2014,false
1227,140.0,03/04/2014,02/05/2014,false
1277,284.0,03/04/2014,02/05/2014,false
1278,265.0,03/04/2014,02/05/2014,false
1053,51.0,03/04/2014,02/05/2014,false
1231,250.0,03/04/2014,02/05/2014,false
1159,247.0,03/04/2014,02/05/2014,false
1191,316.0,03/04/2014,02/05/2014,false
1152,86.0,03/04/2014,02/05/2014,false
1237,316.0,03/04/2014,02/05/2014,false
1170,320.0,03/04/2014,02/05/2014,false
1161,161.0,03/04/2014,02/05/2014,false
1309,124.0,03/04/2014,02/05/2014,false
1252,304.0,03/04/2014,02/05/2014,false
1050,305.0,03/04/2014,02/05/2014,false
1027,29.0,03/04/2014,02/05/2014,false
1184,232.0,03/04/2014,02/05/2014,false
1088,255.0,03/04/2014,02/05/2014,false
1167,46.0,03/04/2014,02/05/2014,false
1294,92.0,03/04/2014,02/05/2014,false
1208,248.0,03/04/2014,02/05/2014,false
1118,189.0,03/04/2014,02/05/2014,false
1107,206.0,03/04/2014,02/05/2014,false
1320,85.0,03/04/2014,02/05/2014,false
1195,286.0,03/04/2014,02/05/2014,false
1118,166.0,03/04/2014,02/05/2014,false
1000,293.0,03/04/2014,02/05/2014,true
1281,140.0,03/04/2014,02/05/2014,false
1305,254.0,03/04/2014,02/05/2014,false
1181,117.0,03/04/2014,02/05/2014,false
1132,302.0,03/04/2014,02/05/2014,false
1313,33.0,03/04/2014,02/05/2014,false
1188,289.0,03/04/2014,02/05/2014,false
1160,36.0,03/04/2014,02/05/2014,false
1308,254.0,03/04/2014,02/05/2014,false
1207,52.0,03/04/2014,02/05/2014,false
1298,192.0,03/04/2014,02/05/2014,false
1095,207.0,03/04/2014,02/05/2014,false
1247,46.0,03/04/2014,02/05/2014,false
1288,157.0,03/04/2014,02/05/2014,false
1265,47.0,03/04/2014,02/05/2014,false
1083,244.0,03/04/2014,02/05/2014,false
1005,171.0,03/04/2014,02/05/2014,false
1029,202.0,03/04/2014,02/05/2014,false
1007,192.0,03/04/2014,02/05/2014,false
1140,115.0,03/04/2014,02/05/2014,false
1290,152.0,03/04/2014,02/05/2014,false
1200,234.0,03/04/2014,02/05/2014,false
1165,304.0,03/04/2014,02/05/2014,false
1100,245.0,03/04/2014,02/05/2014,false
1164,182.0,03/04/2014,02/05/2014,false
1118,26.0,03/04/2014,02/05/2014,false
1304,46.0,03/04/2014,02/05/2014,false
1007,319.0,03/04/2014,02/05/2014,false
1229,117.0,03/04/2014,02/05/2014,false
1120,78.0,03/04/2014,02/05/2014,false
1002,48.0,03/04/2014,02/05/2014,false
1091,137.0,03/04/2014,02/05/2014,false
1098,113.0,03/04/2014,02/05/2014,false
1184,281.0,03/04/2014,02/05/2014,false
1124,286.0,03/04/2014,02/05/2014,false
1035,115.0,03/04/2014,02/05/2014,false
1164,160.0,03/04/2014,02/05/2014,false
1239,214.0,03/04/2014,02/05/2014,false
1238,85.0,03/04/2014,02/05/2014,false
1198,100.0,03/04/2014,02/05/2014,false
1288,71.0,03/04/2014,02/05/2014,false
1035,319.0,03/04/2014,02/05/2014,false
1297,141.0,03/04/2014,02/05/2014,false
1045,189.0,03/04/2014,02/05/2014,false
1023,308.0,03/04/2014,02/05/2014,false
1096,209.0,03/04/2014,02/05/2014,false
1142,124.0,03/04/2014,02/05/2014,false
1028,117.0,03/04/2014,02/05/2014,false
1308,68.0,03/04/2014,02/05/2014,false
1065,250.0,03/04/2014,02/05/2014,false
1140,280.0,03/04/2014,02/05/2014,false
1036,138.0,03/04/2014,02/05/2014,false
1024,81.0,03/04/2014,02/05/2014,false
1006,87.0,03/04/2014,02/05/2014,false
1101,239.0,03/04/2014,02/05/2014,false
1234,205.0,03/04/2014,02/05/2014,false
1076,300.0,03/04/2014,02/05/2014,false
1120,181.0,03/04/2014,02/05/2014,false
1212,65.0,03/04/2014,02/05/2014,false
1294,87.0,03/04/2014,02/05/2014,false
1215,128.0,03/04/2014,02/05/2014,false
1144,155.0,03/04/2014,02/05/2014,false
1036,58.0,03/04/2014,02/05/2014,false
1052,96.0,03/04/2014,02/05/2014,false
1052,194.0,03/04/2014,02/05/2014,false
1137,191.0,03/04/2014,02/05/2014,false
1163,112.0,03/04/2014,02/05/2014,false
1117,109.0,03/04/2014,02/05/2014,false
1247,27.0,03/04/2014,02/05/2014,false
1245,146.0,03/04/2014,02/05/2014,false
1137,201.0,03/04/2014,02/05/2014,false
1115,102.0,03/04/2014,02/05/2014,false
1201,248.0,03/04/2014,02/05/2014,false
1123,195.0,03/04/2014,02/05/2014,false
1284,314.0,03/04/2014,02/05/2014,false
1065,99.0,03/04/2014,02/05/2014,false
1267,153.0,03/04/2014,02/05/2014,false
1289,167.0,03/04/2014,02/05/2014,false
1095,156.0,03/04/2014,02/05/2014,false
1010,179.0,03/04/2014,02/05/2014,false
1097,76.0,03/04/2014,02/05/2014,false
1286,322.0,03/04/2014,02/05/2014,false
1162,274.0,03/04/2014,02/05/2014,false
1059,252.0,03/04/2014,02/05/2014,false
1248,300.0,03/04/2014,02/05/2014,false
1046,317.0,03/04/2014,02/05/2014,false
1023,176.0,03/04/2014,02/05/2014,false
1134,69.0,03/04/2014,02/05/2014,false
1205,130.0,03/04/2014,02/05/2014,false
1160,300.0,03/04/2014,02/05/2014,false
1161,135.0,03/04/2014,02/05/2014,false
1199,154.0,03/04/2014,02/05/2014,false
1008,117.0,03/04/2014,02/05/2014,false
1234,301.0,03/04/2014,02/05/2014,false
1071,207.0,03/04/2014,02/05/2014,false
1111,78.0,03/04/2014,02/05/2014,false
1260,112.0,03/04/2014,02/05/2014,false
1037,227.0,03/04/2014,02/05/2014,false
1148,27.0,03/04/2014,02/05/2014,false
1181,213.0,03/04/2014,02/05/2014,false
1004,189.0,03/04/2014,02/05/2014,false
1300,257.0,03/04/2014,02/05/2014,false
1272,67.0,03/04/2014,02/05/2014,false
1132,39.0,03/04/2014,02/05/2014,false
1314,168.0,03/04/2014,02/05/2014,false
1309,43.0,03/04/2014,02/05/2014,false
1109,304.0,03/04/2014,02/05/2014,false
1260,301.0,03/04/2014,02/05/2014,false
1271,57.0,03/04/2014,02/05/2014,false
1082,119.0,03/04/2014,02/05/2014,false
1259,140.0,03/04/2014,02/05/2014,false
1040,76.0,03/04/2014,02/05/2014,false
1282,314.0,03/04/2014,02/05/2014,false
1112,189.0,03/04/2014,02/05/2014,false
1109,264.0,03/04/2014,02/05/2014,false
1118,173.0,03/04/2014,02/05/2014,false
1019,217.0,03/04/2014,02/05/2014,false
1170,188.0,03/04/2014,02/05/2014,false
1244,76.0,03/04/2014,02/05/2014,false
1229,310.0,03/04/2014,02/05/2014,false
1286,211.0,03/04/2014,02/05/2014,false
1103,313.0,03/04/2014,02/05/2014,false
1088,187.0,03/04/2014,02/05/2014,false
1133,171.0,03/04/2014,02/05/2014,false
1021,231.0,03/04/2014,02/05/2014,false
1118,262.0,03/04/2014,02/05/2014,false
1137,129.0,03/04/2014,02/05/2014,false
1150,212.0,03/04/2014,02/05/2014,false
1088,270.0,03/04/2014,02/05/2014,false
1079,96.0,03/04/2014,02/05/2014,false
1035,322.0,03/04/2014,02/05/2014,false
1127,167.0,03/04/2014,02/05/2014,false
1054,83.0,03/04/2014,02/05/2014,false
1057,247.0,03/04/2014,02/05/2014,false
1055,53.0,03/04/2014,02/05/2014,false
1187,75.0,03/04/2014,02/05/2014,false
1218,103.0,03/04/2014,02/05/2014,false
1108,196.0,03/04/2014,02/05/2014,false
1056,97.0,03/04/2014,02/05/2014,false
1136,264.0,03/04/2014,02/05/2014,false
1217,59.0,03/04/2014,02/05/2014,false
1273,113.0,03/04/2014,02/05/2014,false
1139,27.0,03/04/2014,02/05/2014,false
1064,190.0,03/04/2014,02/05/2014,false
1189,147.0,03/04/2014,02/05/2014,false
1274,136.0,03/04/2014,02/05/2014,false
1308,161.0,03/04/2014,02/05/2014,false
1235,85.0,03/04/2014,02/05/2014,false
1299,272.0,03/04/2014,02/05/2014,false
1287,104.0,03/04/2014,02/05/2014,false
1030,91.0,03/04/2014,02/05/2014,false
1110,108.0,03/04/2014,02/05/2014,false
1331,32.0,03/04/2014,02/05/2014,false
1258,260.0,03/04/2014,02/05/2014,false
1023,305.0,03/04/2014,02/05/2014,false
1109,186.0,03/04/2014,02/05/2014,false
1252,33.0,03/04/2014,02/05/2014,false
1138,64.0,03/04/2014,02/05/2014,false
1130,145.0,03/04/2014,02/05/2014,false
1196,122.0,03/04/2014,02/05/2014,false
1238,172.0,03/04/2014,02/05/2014,false
1322,275.0,03/04/2014,02/05/2014,false
1222,256.0,03/04/2014,02/05/2014,false
1283,257.0,03/04/2014,02/05/2014,false
1050,201.0,03/04/2014,02/05/2014,false
1306,237.0,03/04/2014,02/05/2014,false
1208,59.0,03/04/2014,02/05/2014,false
1092,150.0,03/04/2014,02/05/2014,false
1175,162.0,03/04/2014,02/05/2014,false
1024,289.0,03/04/2014,02/05/2014,false
1314,107.0,03/04/2014,02/05/2014,false
1126,294.0,03/04/2014,02/05/2014,false
1105,133.0,03/04/2014,02/05/2014,false
1068,176.0,03/04/2014,02/05/2014,false
1201,30.0,03/04/2014,02/05/2014,false
1123,235.0,03/04/2014,02/05/2014,false
1216,134.0,03/04/2014,02/05/2014,false
1245,278.0,03/04/2014,02/05/2014,false
1020,29.0,03/04/2014,02/05/2014,false
1237,217.0,03/04/2014,02/05/2014,false
1209,100.0,03/04/2014,02/05/2014,false
1067,306.0,03/04/2014,02/05/2014,false
1241,25.0,03/04/2014,02/05/2014,false
1135,258.0,03/04/2014,02/05/2014,false
1224,283.0,03/04/2014,02/05/2014,false
1144,98.0,03/04/2014,02/05/2014,false
1018,34.0,03/04/2014,02/05/2014,false
1305,207.0,03/04/2014,02/05/2014,false
1078,257.0,03/04/2014,02/05/2014,false
1072,221.0,03/04/2014,02/05/2014,false
1209,219.0,03/04/2014,02/05/2014,false
1137,247.0,03/04/2014,02/05/2014,false
1310,111.0,03/04/2014,02/05/2014,false
1036,120.0,03/04/2014,02/05/2014,false
1070,142.0,03/04/2014,02/05/2014,false
1247,113.0,03/04/2014,02/05/2014,false
1161,92.0,03/04/2014,02/05/2014,false
1225,217.0,03/04/2014,02/05/2014,false
1051,39.0,03/04/2014,02/05/2014,false
1173,27.0,03/04/2014,02/05/2014,false
1248,100.0,03/04/2014,02/05/2014,false
1296,27.0,03/04/2014,02/05/2014,false
1078,153.0,03/04/2014,02/05/2014,false
1152,53.0,03/04/2014,02/05/2014,false
1322,117.0,03/04/2014,02/05/2014,false
1020,246.0,03/04/2014,02/05/2014,false
1072,301.0,03/04/2014,02/05/2014,false
1279,77.0,03/04/2014,02/05/2014,false
1065,263.0,03/04/2014,02/05/2014,false
1200,76.0,03/04/2014,02/05/2014,false
1109,221.0,03/04/2014,02/05/2014,false
1307,320.0,03/04/2014,02/05/2014,false
1071,95.0,03/04/2014,02/05/2014,false
1172,320.0,03/04/2014,02/05/2014,false
1298,261.0,03/04/2014,02/05/2014,false
1040,269.0,03/04/2014,02/05/2014,false
1026,316.0,03/04/2014,02/05/2014,false
1314,323.0,03/04/2014,02/05/2014,false
1163,276.0,03/04/2014,02/05/2014,false
1094,47.0,03/04/2014,02/05/2014,false
1024,105.0,03/04/2014,02/05/2014,false
1283,182.0,03/04/2014,02/05/2014,false
1001,194.0,03/04/2014,02/05/2014,false
1287,248.0,03/04/2014,02/05/2014,false
1129,106.0,03/04/2014,02/05/2014,false
1314,194.0,03/04/2014,02/05/2014,false
1051,61.0,03/04/2014,02/05/2014,false
1106,146.0,03/04/2014,02/05/2014,false
1095,273.0,03/04/2014,02/05/2014,false
1112,88.0,03/04/2014,02/05/2014,false
1291,275.0,03/04/2014,02/05/2014,false
1214,183.0,03/04/2014,02/05/2014,false
1279,306.0,03/04/2014,02/05/2014,false
1075,77.0,03/04/2014,02/05/2014,false
1228,71.0,03/04/2014,02/05/2014,false
1137,289.0,03/04/2014,02/05/2014,false
1136,276.0,03/04/2014,02/05/2014,false
1299,298.0,03/04/2014,02/05/2014,false
1326,48.0,03/04/2014,02/05/2014,false
1268,88.0,03/04/2014,02/05/2014,false
1143,259.0,03/04/2014,02/05/2014,false
1161,241.0,03/04/2014,02/05/2014,false
1157,167.0,03/04/2014,02/05/2014,false
1114,246.0,03/04/2014,02/05/2014,false
1196,79.0,03/04/2014,02/05/2014,false
1030,207.0,03/04/2014,02/05/2014,false
1000,32.0,03/04/2014,02/05/2014,true
1326,37.0,03/04/2014,02/05/2014,false
1319,54.0,03/04/2014,02/05/2014,false
1130,294.0,03/04/2014,02/05/2014,false
1183,309.0,03/04/2014,02/05/2014,false
1112,313.0,03/04/2014,02/05/2014,false
1019,206.0,03/04/2014,02/05/2014,false
1317,32.0,03/04/2014,02/05/2014,false
1005,143.0,03/04/2014,02/05/2014,false
1316,146.0,03/04/2014,02/05/2014,false
1038,126.0,03/04/2014,02/05/2014,false
1021,82.0,03/04/2014,02/05/2014,false
1033,242.0,03/04/2014,02/05/2014,false
1016,269.0,03/04/2014,02/05/2014,false
1225,223.0,03/04/2014,02/05/2014,false
1201,323.0,03/04/2014,02/05/2014,false
1005,227.0,03/04/2014,02/05/2014,false
1102,54.0,03/04/2014,02/05/2014,false
1298,151.0,03/04/2014,02/05/2014,false
1211,56.0,03/04/2014,02/05/2014,false
1134,321.0,03/04/2014,02/05/2014,false
1074,120.0,03/04/2014,02/05/2014,false
1177,314.0,03/04/2014,02/05/2014,false
1117,128.0,03/04/2014,02/05/2014,false
1169,278.0,03/04/2014,02/05/2014,false
1190,26.0,03/04/2014,02/05/2014,false
1053,249.0,03/04/2014,02/05/2014,false
1193,182.0,03/04/2014,02/05/2014,false
1118,229.0,03/04/2014,02/05/2014,false
1025,180.0,03/04/2014,02/05/2014,false
1176,141.0,03/04/2014,02/05/2014,false
1027,264.0,03/04/2014,02/05/2014,false
1013,89.0,03/04/2014,02/05/2014,false
1209,54.0,03/04/2014,02/05/2014,false
1010,221.0,03/04/2014,02/05/2014,false
1261,232.0,03/04/2014,02/05/2014,false
1223,72.0,03/04/2014,02/05/2014,false
1139,249.0,03/04/2014,02/05/2014,false
1018,240.0,03/04/2014,02/05/2014,false
1037,313.0,03/04/2014,02/05/2014,false
1233,293.0,03/04/2014,02/05/2014,false
1012,319.0,03/04/2014,02/05/2014,false
1083,138.0,03/04/2014,02/05/2014,false
1315,219.0,03/04/2014,02/05/2014,false
1279,99.0,03/04/2014,02/05/2014,false
1132,269.0,03/04/2014,02/05/2014,false
1265,297.0,03/04/2014,02/05/2014,false
1119,120.0,03/04/2014,02/05/2014,false
1108,289.0,03/04/2014,02/05/2014,false
1221,124.0,03/04/2014,02/05/2014,false
1274,267.0,03/04/2014,02/05/2014,false
1219,123.0,03/04/2014,02/05/2014,false
1020,59.0,03/04/2014,02/05/2014,false
1167,92.0,03/04/2014,02/05/2014,false
1194,211.0,03/04/2014,02/05/2014,false
1209,300.0,03/04/2014,02/05/2014,false
1318,240.0,03/04/2014,02/05/2014,false
1136,157.0,03/04/2014,02/05/2014,false
1005,302.0,03/04/2014,02/05/2014,false
1279,230.0,03/04/2014,02/05/2014,false
1153,137.0,03/04/2014,02/05/2014,false
1322,61.0,03/04/2014,02/05/2014,false
1272,186.0,03/04/2014,02/05/2014,false
1218,301.0,03/04/2014,02/05/2014,false
1317,289.0,03/04/2014,02/05/2014,false
1275,260.0,03/04/2014,02/05/2014,false
1234,213.0,03/04/2014,02/05/2014,false
1018,248.0,03/04/2014,02/05/2014,false
1325,284.0,03/04/2014,02/05/2014,false
1136,220.0,03/04/2014,02/05/2014,false
1130,79.0,03/04/2014,02/05/2014,false
1157,175.0,03/04/2014,02/05/2014,false
1255,25.0,03/04/2014,02/05/2014,false
1144,251.0,03/04/2014,02/05/2014,false
1309,34.0,03/04/2014,02/05/2014,false
1209,305.0,03/04/2014,02/05/2014,false
1319,262.0,03/04/2014,02/05/2014,false
1123,302.0,03/04/2014,02/05/2014,false
1284,51.0,03/04/2014,02/05/2014,false
1264,144.0,03/04/2014,02/05/2014,false
1314,171.0,03/04/2014,02/05/2014,false
1319,304.0,03/04/2014,02/05/2014,false
1241,183.0,03/04/2014,02/05/2014,false
1172,319.0,03/04/2014,02/05/2014,false
1003,282.0,03/04/2014,02/05/2014,false
1209,57.0,03/04/2014,02/05/2014,false
1098,27.0,03/04/2014,02/05/2014,false
1123,290.0,03/04/2014,02/05/2014,false
1190,125.0,03/04/2014,02/05/2014,false
1198,154.0,03/04/2014,02/05/2014,false
1004,269.0,03/04/2014,02/05/2014,false
1315,174.0,03/04/2014,02/05/2014,false
1159,261.0,03/04/2014,02/05/2014,false
1328,125.0,03/04/2014,02/05/2014,false
1253,232.0,03/04/2014,02/05/2014,false
1056,60.0,03/04/2014,02/05/2014,false
1126,68.0,03/04/2014,02/05/2014,false
1104,322.0,03/04/2014,02/05/2014,false
1071,147.0,03/04/2014,02/05/2014,false
1033,114.0,03/04/2014,02/05/2014,false
1133,136.0,03/04/2014,02/05/2014,false
1040,181.0,03/04/2014,02/05/2014,false
1308,191.0,03/04/2014,02/05/2014,false
1303,169.0,03/04/2014,02/05/2014,false
1137,139.0,03/04/2014,02/05/2014,false
1034,100.0,03/04/2014,02/05/2014,false
1118,27.0,03/04/2014,02/05/2014,false
1286,250.0,03/04/2014,02/05/2014,false
1141,134.0,03/04/2014,02/05/2014,false
1249,84.0,03/04/2014,02/05/2014,false
1187,212.0,03/04/2014,02/05/2014,false
1038,64.0,03/04/2014,02/05/2014,false
1155,181.0,03/04/2014,02/05/2014,false
1298,80.0,03/04/2014,02/05/2014,false
1222,246.0,03/04/2014,02/05/2014,false
1065,227.0,03/04/2014,02/05/2014,false
1138,273.0,03/04/2014,02/05/2014,false
1293,97.0,03/04/2014,02/05/2014,false
1332,118.0,03/04/2014,02/05/2014,false
1033,239.0,03/04/2014,02/05/2014,false
1210,234.0,03/04/2014,02/05/2014,false
1017,177.0,03/04/2014,02/05/2014,false
1058,103.0,03/04/2014,02/05/2014,false
1292,253.0,03/04/2014,02/05/2014,false
1094,220.0,03/04/2014,02/05/2014,false
1218,64.0,03/04/2014,02/05/2014,false
1040,88.0,03/04/2014,02/05/2014,false
1191,31.0,03/04/2014,02/05/2014,false
1262,221.0,03/04/2014,02/05/2014,false
1274,101.0,03/04/2014,02/05/2014,false
1102,135.0,03/04/2014,02/05/2014,false
1161,112.0,03/04/2014,02/05/2014,false
1286,97.0,03/04/2014,02/05/2014,false
1165,44.0,03/04/2014,02/05/2014,false
1331,28.0,03/04/2014,02/05/2014,false
1298,30.0,03/04/2014,02/05/2014,false
1265,239.0,03/04/2014,02/05/2014,false
1268,288.0,03/04/2014,02/05/2014,false
1091,184.0,03/04/2014,02/05/2014,false
1264,171.0,03/04/2014,02/05/2014,false
1331,319.0,03/04/2014,02/05/2014,false
1259,115.0,03/04/2014,02/05/2014,false
1061,202.0,03/04/2014,02/05/2014,false
1156,46.0,03/04/2014,02/05/2014,false
1036,292.0,03/04/2014,02/05/2014,false
1286,174.0,03/04/2014,02/05/2014,false
1227,189.0,03/04/2014,02/05/2014,false
1156,172.0,03/04/2014,02/05/2014,false
1153,51.0,03/04/2014,02/05/2014,false
1182,134.0,03/04/2014,02/05/2014,false
1136,280.0,03/04/2014,02/05/2014,false
1128,197.0,03/04/2014,02/05/2014,false
1000,299.0,03/04/2014,02/05/2014,true
1112,38.0,03/04/2014,02/05/2014,false
1104,271.0,03/04/2014,02/05/2014,false
1287,180.0,03/04/2014,02/05/2014,false
1236,195.0,03/04/2014,02/05/2014,false
1317,279.0,03/04/2014,02/05/2014,false
1210,318.0,03/04/2014,02/05/2014,false
1197,312.0,03/04/2014,02/05/2014,false
1289,154.0,03/04/2014,02/05/2014,false
1243,301.0,03/04/2014,02/05/2014,false
1202,160.0,03/04/2014,02/05/2014,false
1331,211.0,03/04/2014,02/05/2014,false
1285,108.0,03/04/2014,02/05/2014,false
1026,253.0,03/04/2014,02/05/2014,false
1284,86.0,03/04/2014,02/05/2014,false
1229,124.0,03/04/2014,02/05/2014,false
1185,300.0,03/04/2014,02/05/2014,false
1136,276.0,03/04/2014,02/05/2014,false
1088,166.0,03/04/2014,02/05/2014,false
1320,158.0,03/04/2014,02/05/2014,false
1275,170.0,03/04/2014,02/05/2014,false
1243,300.0,03/04/2014,02/05/2014,false
1024,47.0,03/04/2014,02/05/2014,false
1088,228.0,03/04/2014,02/05/2014,false
1054,100.0,03/04/2014,02/05/2014,false
1163,86.0,03/04/2014,02/05/2014,false
1054,99.0,03/04/2014,02/05/2014,false
1014,266.0,03/04/2014,02/05/2014,false
1297,166.0,03/04/2014,02/05/2014,false
1073,91.0,03/04/2014,02/05/2014,false
1253,193.0,03/04/2014,02/05/2014,false
1144,257.0,03/04/2014,02/05/2014,false
1022,56.0,03/04/2014,02/05/2014,false
1090,308.0,03/04/2014,02/05/2014,false
1080,297.0,03/04/2014,02/05/2014,false
1189,63.0,03/04/2014,02/05/2014,false
1210,64.0,03/04/2014,02/05/2014,false
1218,289.0,03/04/2014,02/05/2014,false
1033,89.0,03/04/2014,02/05/2014,false
1326,189.0,03/04/2014,02/05/2014,false
1326,292.0,03/04/2014,02/05/2014,false
1277,58.0,03/04/2014,02/05/2014,false
1247,262.0,03/04/2014,02/05/2014,false
1191,30.0,03/04/2014,02/05/2014,false
1048,46.0,03/04/2014,02/05/2014,false
1164,277.0,03/04/2014,02/05/2014,false
1262,265.0,03/04/2014,02/05/2014,false
1159,149.0,03/04/2014,02/05/2014,false
1210,95.0,03/04/2014,02/05/2014,false
1140,272.0,03/04/2014,02/05/2014,false
1090,276.0,03/04/2014,02/05/2014,false
1173,127.0,03/04/2014,02/05/2014,false
1221,89.0,03/04/2014,02/05/2014,false
1165,234.0,03/04/2014,02/05/2014,false
1323,144.0,03/04/2014,02/05/2014,false
1132,225.0,03/04/2014,02/05/2014,false
1194,125.0,03/04/2014,02/05/2014,false
1184,62.0,03/04/2014,02/05/2014,false
1129,276.0,03/04/2014,02/05/2014,false
1092,244.0,03/04/2014,02/05/2014,false
1270,262.0,03/04/2014,02/05/2014,false
1194,228.0,03/04/2014,02/05/2014,false
1294,241.0,03/04/2014,02/05/2014,false
1089,43.0,03/04/2014,02/05/2014,false
1020,40.0,03/04/2014,02/05/2014,false
1287,228.0,03/04/2014,02/05/2014,false
1247,166.0,03/04/2014,02/05/2014,false
1322,241.0,03/04/2014,02/05/2014,false
1141,224.0,03/04/2014,02/05/2014,false
1280,270.0,03/04/2014,02/05/2014,false
1223,115.0,03/04/2014,02/05/2014,false
1078,28.0,03/04/2014,02/05/2014,false
1110,50.0,03/04/2014,02/05/2014,false
1031,248.0,03/04/2014,02/05/2014,false
1139,174.0,03/04/2014,02/05/2014,false
1206,46.0,03/04/2014,02/05/2014,false
1329,57.0,03/04/2014,02/05/2014,false
1254,323.0,03/04/2014,02/05/2014,false
1210,272.0,03/04/2014,02/05/2014,false
1121,119.0,03/04/2014,02/05/2014,false
1232,47.0,03/04/2014,02/05/2014,false
1111,251.0,03/04/2014,02/05/2014,false
1301,186.0,03/04/2014,02/05/2014,false
1007,166.0,03/04/2014,02/05/2014,false
1006,122.0,03/04/2014,02/05/2014,false
1090,162.0,03/04/2014,02/05/2014,false
1155,274.0,03/04/2014,02/05/2014,false
1309,32.0,03/04/2014,02/05/2014,false
1076,90.0,03/04/2014,02/05/2014,false
1139,61.0,03/04/2014,02/05/2014,false
1098,81.0,03/04/2014,02/05/2014,false
1126,258.0,03/04/2014,02/05/2014,false
1282,285.0,03/04/2014,02/05/2014,false
1144,122.0,03/04/2014,02/05/2014,false
1266,251.0,03/04/2014,02/05/2014,false
1109,203.0,03/04/2014,02/05/2014,false
1256,280.0,03/04/2014,02/05/2014,false
1064,142.0,03/04/2014,02/05/2014,false
1231,229.0,03/04/2014,02/05/2014,false
1090,103.0,03/04/2014,02/05/2014,false
1171,80.0,03/04/2014,02/05/2014,false
1245,191.0,03/04/2014,02/05/2014,false
1325,59.0,03/04/2014,02/05/2014,false
1102,103.0,03/04/2014,02/05/2014,false
1177,154.0,03/04/2014,02/05/2014,false
1311,310.0,03/04/2014,02/05/2014,false
1101,71.0,03/04/2014,02/05/2014,false
1303,166.0,03/04/2014,02/05/2014,false
1140,67.0,03/04/2014,02/05/2014,false
1115,71.0,03/04/2014,02/05/2014,false
1257,149.0,03/04/2014,02/05/2014,false
1322,253.0,03/04/2014,02/05/2014,false
1200,309.0,03/04/2014,02/05/2014,false
1183,227.0,03/04/2014,02/05/2014,false
1177,97.0,03/04/2014,02/05/2014,false
1235,169.0,03/04/2014,02/05/2014,false
1048,87.0,03/04/2014,02/05/2014,false
1183,91.0,03/04/2014,02/05/2014,false
1227,59.0,03/04/2014,02/05/2014,false
1135,307.0,03/04/2014,02/05/2014,false
1282,212.0,03/04/2014,02/05/2014,false
1029,186.0,03/04/2014,02/05/2014,false
1047,294.0,03/04/2014,02/05/2014,false
1101,149.0,03/04/2014,02/05/2014,false
1162,132.0,03/04/2014,02/05/2014,false
1302,196.0,03/04/2014,02/05/2014,false
1010,245.0,03/04/2014,02/05/2014,false
1287,69.0,03/04/2014,02/05/2014,false
1124,111.0,03/04/2014,02/05/2014,false
1033,30.0,03/04/2014,02/05/2014,false
1136,38.0,03/04/2014,02/05/2014,false
1220,300.0,03/04/2014,02/05/2014,false
1244,139.0,03/04/2014,02/05/2014,false
1306,131.0,03/04/2014,02/05/2014,false
1171,160.0,03/04/2014,02/05/2014,false
1000,196.0,03/04/2014,02/05/2014,true
1199,96.0,03/04/2014,02/05/2014,false
1157,65.0,03/04/2014,02/05/2014,false
1022,125.0,03/04/2014,02/05/2014,false
1294,287.0,03/04/2014,02/05/2014,false
1136,175.0,03/04/2014,02/05/2014,false
1024,122.0,03/04/2014,02/05/2014,false
1264,278.0,03/04/2014,02/05/2014,false
1081,195.0,03/04/2014,02/05/2014,false
1061,97.0,03/04/2014,02/05/2014,false
1279,78.0,03/04/2014,02/05/2014,false
1112,272.0,03/04/2014,02/05/2014,false
1106,175.0,03/04/2014,02/05/2014,false
1011,318.0,03/04/2014,02/05/2014,false
1146,113.0,03/04/2014,02/05/2014,false
1252,172.0,03/04/2014,02/05/2014,false
1286,28.0,03/04/2014,02/05/2014,false
1171,263.0,03/04/2014,02/05/2014,false
1111,234.0,03/04/2014,02/05/2014,false
1180,293.0,03/04/2014,02/05/2014,false
1254,285.0,03/04/2014,02/05/2014,false
1144,288.0,03/04/2014,02/05/2014,false
1143,230.0,03/04/2014,02/05/2014,false
1251,209.0,03/04/2014,02/05/2014,false
1058,150.0,03/04/2014,02/05/2014,false
1301,78.0,03/04/2014,02/05/2014,false
1158,232.0,03/04/2014,02/05/2014,false
1062,286.0,03/04/2014,02/05/2014,false
1143,228.0,03/04/2014,02/05/2014,false
1250,301.0,03/04/2014,02/05/2014,false
1060,170.0,03/04/2014,02/05/2014,false
1013,304.0,03/04/2014,02/05/2014,false
1221,114.0,03/04/2014,02/05/2014,false
1278,186.0,03/04/2014,02/05/2014,false
1043,53.0,03/04/2014,02/05/2014,false
1314,25.0,03/04/2014,02/05/2014,false
1184,56.0,03/04/2014,02/05/2014,false
1044,57.0,03/04/2014,02/05/2014,false
1309,170.0,03/04/2014,02/05/2014,false
1121,72.0,03/04/2014,02/05/2014,false
1285,84.0,03/04/2014,02/05/2014,false
1041,266.0,03/04/2014,02/05/2014,false
1106,217.0,03/04/2014,02/05/2014,false
1306,80.0,03/04/2014,02/05/2014,false
1167,242.0,03/04/2014,02/05/2014,false
1050,122.0,03/04/2014,02/05/2014,false
1003,252.0,03/04/2014,02/05/2014,false
1301,193.0,03/04/2014,02/05/2014,false
1149,221.0,03/04/2014,02/05/2014,false
1280,130.0,03/04/2014,02/05/2014,false
1304,69.0,03/04/2014,02/05/2014,false
1162,160.0,03/04/2014,02/05/2014,false
1243,73.0,03/04/2014,02/05/2014,false
1173,184.0,03/04/2014,02/05/2014,false
1208,252.0,03/04/2014,02/05/2014,false
1179,72.0,03/04/2014,02/05/2014,false
1045,252.0,03/04/2014,02/05/2014,false
1291,221.0,03/04/2014,02/05/2014,false
1313,67.0,03/04/2014,02/05/2014,false
1189,160.0,03/04/2014,02/05/2014,false
1304,236.0,03/04/2014,02/05/2014,false
1206,118.0,03/04/2014,02/05/2014,false
1256,64.0,03/04/2014,02/05/2014,false
1194,169.0,03/04/2014,02/05/2014,false
1003,136.0,03/04/2014,02/05/2014,false
1298,86.0,03/04/2014,02/05/2014,false
1313,134.0,03/04/2014,02/05/2014,false
1251,35.0,03/04/2014,02/05/2014,false
1262,191.0,03/04/2014,02/05/2014,false
1206,254.0,03/04/2014,02/05/2014,false
1265,189.0,03/04/2014,02/05/2014,false
1321,136.0,03/04/2014,02/05/2014,false
1241,206.0,03/04/2014,02/05/2014,false
1135,201.0,03/04/2014,02/05/2014,false
1183,288.0,03/04/2014,02/05/2014,false
1233,48.0,03/04/2014,02/05/2014,false
1206,210.0,03/04/2014,02/05/2014,false
1077,200.0,03/04/2014,02/05/2014,false
1082,108.0,03/04/2014,02/05/2014,false
1191,57.0,03/04/2014,02/05/2014,false
1018,169.0,03/04/2014,02/05/2014,false
1027,214.0,03/04/2014,02/05/2014,false
1206,30.0,03/04/2014,02/05/2014,false
1175,47.0,03/04/2014,02/05/2014,false
1213,286.0,03/04/2014,02/05/2014,false
1047,163.0,03/04/2014,02/05/2014,false
1248,51.0,03/04/2014,02/05/2014,false
1176,318.0,03/04/2014,02/05/2014,false
1124,236.0,03/04/2014,02/05/2014,false
1235,199.0,03/04/2014,02/05/2014,false
1210,228.0,03/04/2014,02/05/2014,false
1333,157.0,03/04/2014,02/05/2014,false
1160,128.0,03/04/2014,02/05/2014,false
1227,99.0,03/04/2014,02/05/2014,false
1084,30.0,03/04/2014,02/05/2014,false
1278,168.0,03/04/2014,02/05/2014,false
1022,280.0,03/04/2014,02/05/2014,false
1169,81.0,03/04/2014,02/05/2014,false
1216,83.0,03/04/2014,02/05/2014,false
1225,25.0,03/04/2014,02/05/2014,false
1160,88.0,03/04/2014,02/05/2014,false
1078,172.0,03/04/2014,02/05/2014,false
1135,303.0,03/04/2014,02/05/2014,false
1140,60.0,03/04/2014,02/05/2014,false
1063,312.0,03/04/2014,02/05/2014,false
1247,162.0,03/04/2014,02/05/2014,false
1038,82.0,03/04/2014,02/05/2014,false
1165,204.0,03/04/2014,02/05/2014,false
1057,276.0,03/04/2014,02/05/2014,false
1116,58.0,03/04/2014,02/05/2014,false
1272,234.0,03/04/2014,02/05/2014,false
1165,118.0,03/04/2014,02/05/2014,false
1253,75.0,03/04/2014,02/05/2014,false
1202,266.0,03/04/2014,02/05/2014,false
1039,34.0,03/04/2014,02/05/2014,false
1110,165.0,03/04/2014,02/05/2014,false
1313,315.0,03/04/2014,02/05/2014,false
1110,124.0,03/04/2014,02/05/2014,false
1166,234.0,03/04/2014,02/05/2014,false
1072,47.0,03/04/2014,02/05/2014,false
1122,143.0,03/04/2014,02/05/2014,false
1146,241.0,03/04/2014,02/05/2014,false
1115,91.0,03/04/2014,02/05/2014,false
1176,268.0,03/04/2014,02/05/2014,false
1161,295.0,03/04/2014,02/05/2014,false
1247,78.0,03/04/2014,02/05/2014,false
1163,271.0,03/04/2014,02/05/2014,false
1080,114.0,03/04/2014,02/05/2014,false
1142,301.0,03/04/2014,02/05/2014,false
1288,274.0,03/04/2014,02/05/2014,false
1198,65.0,03/04/2014,02/05/2014,false
1091,257.0,03/04/2014,02/05/2014,false
1259,80.0,03/04/2014,02/05/2014,false
1033,237.0,03/04/2014,02/05/2014,false
1110,290.0,03/04/2014,02/05/2014,false
1097,53.0,03/04/2014,02/05/2014,false
1275,42.0,03/04/2014,02/05/2014,false
1170,28.0,03/04/2014,02/05/2014,false
1088,96.0,03/04/2014,02/05/2014,false
1144,273.0,03/04/2014,02/05/2014,false
1086,43.0,03/04/2014,02/05/2014,false
1315,102.0,03/04/2014,02/05/2014,false
1282,149.0,03/04/2014,02/05/2014,false
1248,279.0,03/04/2014,02/05/2014,false
1173,45.0,03/04/2014,02/05/2014,false